State,District,Crop,Season,Irrigation_Type,Total_Water_Footprint(L_per_kg),Category
Maharashtra,Pune,Sugarcane,Kharif,Drip,1870.01,Medium
Maharashtra,Pune,Sugarcane,Kharif,Canal,2414.33,Medium
Maharashtra,Pune,Sugarcane,Kharif,Rainfed,2197.25,Medium
Maharashtra,Pune,Sugarcane,Kharif,Well,2973.32,High
Maharashtra,Pune,Soybean,Kharif,Drip,834.15,Low
Maharashtra,Pune,Soybean,Kharif,Canal,1307.13,Medium
Maharashtra,Pune,Soybean,Kharif,Rainfed,1055.88,Medium
Maharashtra,Pune,Soybean,Kharif,Well,1388.28,Medium
Maharashtra,Pune,Cotton,Kharif,Drip,1644.4,Medium
Maharashtra,Pune,Cotton,Kharif,Canal,2638.97,High
Maharashtra,Pune,Cotton,Kharif,Rainfed,1954.28,Medium
Maharashtra,Pune,Cotton,Kharif,Well,2697.69,High
Maharashtra,Pune,Rice,Kharif,Drip,2069.27,Medium
Maharashtra,Pune,Rice,Kharif,Canal,3038.98,High
Maharashtra,Pune,Rice,Kharif,Rainfed,2286.92,Medium
Maharashtra,Pune,Rice,Kharif,Well,3102.56,High
Maharashtra,Pune,Jowar,Rabi,Drip,1001.9,Medium
Maharashtra,Pune,Jowar,Rabi,Canal,1471.27,Medium
Maharashtra,Pune,Jowar,Rabi,Rainfed,1227.15,Medium
Maharashtra,Pune,Jowar,Rabi,Well,1761.93,Medium
Maharashtra,Pune,Wheat,Rabi,Drip,1438.53,Medium
Maharashtra,Pune,Wheat,Rabi,Canal,1946.16,Medium
Maharashtra,Pune,Wheat,Rabi,Rainfed,1624.86,Medium
Maharashtra,Pune,Wheat,Rabi,Well,2387.78,Medium
Maharashtra,Pune,Tur,Kharif,Drip,585.31,Low
Maharashtra,Pune,Tur,Kharif,Canal,794.88,Low
Maharashtra,Pune,Tur,Kharif,Rainfed,588.18,Low
Maharashtra,Pune,Tur,Kharif,Well,824.79,Low
Maharashtra,Pune,Maize,Kharif,Drip,521.45,Low
Maharashtra,Pune,Maize,Kharif,Canal,863.39,Low
Maharashtra,Pune,Maize,Kharif,Rainfed,608.56,Low
Maharashtra,Pune,Maize,Kharif,Well,853.26,Low
Maharashtra,Pune,Groundnut,Kharif,Drip,1788.35,Medium
Maharashtra,Pune,Groundnut,Kharif,Canal,2725.69,High
Maharashtra,Pune,Groundnut,Kharif,Rainfed,2160.22,Medium
Maharashtra,Pune,Groundnut,Kharif,Well,2960.75,High
Maharashtra,Pune,Banana,Kharif,Drip,2202.68,Medium
Maharashtra,Pune,Banana,Kharif,Canal,3177.17,High
Maharashtra,Pune,Banana,Kharif,Rainfed,2351.83,Medium
Maharashtra,Pune,Banana,Kharif,Well,3514.46,High
Maharashtra,Pune,Grapes,Annual,Drip,891.94,Low
Maharashtra,Pune,Grapes,Annual,Canal,1181.92,Medium
Maharashtra,Pune,Grapes,Annual,Rainfed,1013.93,Medium
Maharashtra,Pune,Grapes,Annual,Well,1214.22,Medium
Maharashtra,Pune,Onions,Annual,Drip,474.97,Low
Maharashtra,Pune,Onions,Annual,Canal,665.14,Low
Maharashtra,Pune,Onions,Annual,Rainfed,591.03,Low
Maharashtra,Pune,Onions,Annual,Well,697.54,Low
Maharashtra,Nagpur,Sugarcane,Kharif,Drip,1811.12,Medium
Maharashtra,Nagpur,Sugarcane,Kharif,Canal,2544.96,High
Maharashtra,Nagpur,Sugarcane,Kharif,Rainfed,2093.13,Medium
Maharashtra,Nagpur,Sugarcane,Kharif,Well,3008.25,High
Maharashtra,Nagpur,Soybean,Kharif,Drip,964.73,Low
Maharashtra,Nagpur,Soybean,Kharif,Canal,1244.23,Medium
Maharashtra,Nagpur,Soybean,Kharif,Rainfed,1156.8,Medium
Maharashtra,Nagpur,Soybean,Kharif,Well,1417.17,Medium
Maharashtra,Nagpur,Cotton,Kharif,Drip,1756.13,Medium
Maharashtra,Nagpur,Cotton,Kharif,Canal,2730.57,High
Maharashtra,Nagpur,Cotton,Kharif,Rainfed,2083.95,Medium
Maharashtra,Nagpur,Cotton,Kharif,Well,2895.98,High
Maharashtra,Nagpur,Rice,Kharif,Drip,2497.96,Medium
Maharashtra,Nagpur,Rice,Kharif,Canal,3459.96,High
Maharashtra,Nagpur,Rice,Kharif,Rainfed,2425.74,Medium
Maharashtra,Nagpur,Rice,Kharif,Well,3570.27,High
Maharashtra,Nagpur,Jowar,Rabi,Drip,1152.3,Medium
Maharashtra,Nagpur,Jowar,Rabi,Canal,1652.31,Medium
Maharashtra,Nagpur,Jowar,Rabi,Rainfed,1352.77,Medium
Maharashtra,Nagpur,Jowar,Rabi,Well,1934.46,Medium
Maharashtra,Nagpur,Wheat,Rabi,Drip,1395.31,Medium
Maharashtra,Nagpur,Wheat,Rabi,Canal,2384.84,Medium
Maharashtra,Nagpur,Wheat,Rabi,Rainfed,1607.77,Medium
Maharashtra,Nagpur,Wheat,Rabi,Well,2446.31,Medium
Maharashtra,Nagpur,Tur,Kharif,Drip,626.22,Low
Maharashtra,Nagpur,Tur,Kharif,Canal,846.63,Low
Maharashtra,Nagpur,Tur,Kharif,Rainfed,634.3,Low
Maharashtra,Nagpur,Tur,Kharif,Well,1006.92,Medium
Maharashtra,Nagpur,Maize,Kharif,Drip,625.05,Low
Maharashtra,Nagpur,Maize,Kharif,Canal,942.64,Low
Maharashtra,Nagpur,Maize,Kharif,Rainfed,748.8,Low
Maharashtra,Nagpur,Maize,Kharif,Well,1046.06,Medium
Maharashtra,Nagpur,Groundnut,Kharif,Drip,1947.88,Medium
Maharashtra,Nagpur,Groundnut,Kharif,Canal,3069.52,High
Maharashtra,Nagpur,Groundnut,Kharif,Rainfed,2210.03,Medium
Maharashtra,Nagpur,Groundnut,Kharif,Well,3348.34,High
Maharashtra,Nagpur,Banana,Kharif,Drip,2417.38,Medium
Maharashtra,Nagpur,Banana,Kharif,Canal,3341.83,High
Maharashtra,Nagpur,Banana,Kharif,Rainfed,2537.06,High
Maharashtra,Nagpur,Banana,Kharif,Well,3719.66,High
Maharashtra,Nagpur,Grapes,Annual,Drip,991.5,Low
Maharashtra,Nagpur,Grapes,Annual,Canal,1336.99,Medium
Maharashtra,Nagpur,Grapes,Annual,Rainfed,1004.71,Medium
Maharashtra,Nagpur,Grapes,Annual,Well,1407.19,Medium
Maharashtra,Nagpur,Onions,Annual,Drip,510.24,Low
Maharashtra,Nagpur,Onions,Annual,Canal,751.43,Low
Maharashtra,Nagpur,Onions,Annual,Rainfed,643.65,Low
Maharashtra,Nagpur,Onions,Annual,Well,776.81,Low
Maharashtra,Nashik,Sugarcane,Kharif,Drip,1426.2,Medium
Maharashtra,Nashik,Sugarcane,Kharif,Canal,2042.22,Medium
Maharashtra,Nashik,Sugarcane,Kharif,Rainfed,1814.51,Medium
Maharashtra,Nashik,Sugarcane,Kharif,Well,2357.08,Medium
Maharashtra,Nashik,Soybean,Kharif,Drip,705.66,Low
Maharashtra,Nashik,Soybean,Kharif,Canal,1047.91,Medium
Maharashtra,Nashik,Soybean,Kharif,Rainfed,808.19,Low
Maharashtra,Nashik,Soybean,Kharif,Well,1124.15,Medium
Maharashtra,Nashik,Cotton,Kharif,Drip,1717.6,Medium
Maharashtra,Nashik,Cotton,Kharif,Canal,2407.81,Medium
Maharashtra,Nashik,Cotton,Kharif,Rainfed,1853.73,Medium
Maharashtra,Nashik,Cotton,Kharif,Well,2234.83,Medium
Maharashtra,Nashik,Rice,Kharif,Drip,1814.93,Medium
Maharashtra,Nashik,Rice,Kharif,Canal,2689.67,High
Maharashtra,Nashik,Rice,Kharif,Rainfed,2351.75,Medium
Maharashtra,Nashik,Rice,Kharif,Well,2993.81,High
Maharashtra,Nashik,Jowar,Rabi,Drip,876.6,Low
Maharashtra,Nashik,Jowar,Rabi,Canal,1406.1,Medium
Maharashtra,Nashik,Jowar,Rabi,Rainfed,1143.06,Medium
Maharashtra,Nashik,Jowar,Rabi,Well,1487.53,Medium
Maharashtra,Nashik,Wheat,Rabi,Drip,1201.42,Medium
Maharashtra,Nashik,Wheat,Rabi,Canal,1942.35,Medium
Maharashtra,Nashik,Wheat,Rabi,Rainfed,1346.48,Medium
Maharashtra,Nashik,Wheat,Rabi,Well,1868.06,Medium
Maharashtra,Nashik,Tur,Kharif,Drip,513.51,Low
Maharashtra,Nashik,Tur,Kharif,Canal,756.18,Low
Maharashtra,Nashik,Tur,Kharif,Rainfed,546.78,Low
Maharashtra,Nashik,Tur,Kharif,Well,854.78,Low
Maharashtra,Nashik,Maize,Kharif,Drip,530.5,Low
Maharashtra,Nashik,Maize,Kharif,Canal,650.19,Low
Maharashtra,Nashik,Maize,Kharif,Rainfed,552.09,Low
Maharashtra,Nashik,Maize,Kharif,Well,760.74,Low
Maharashtra,Nashik,Groundnut,Kharif,Drip,1540.97,Medium
Maharashtra,Nashik,Groundnut,Kharif,Canal,2386.11,Medium
Maharashtra,Nashik,Groundnut,Kharif,Rainfed,1930.91,Medium
Maharashtra,Nashik,Groundnut,Kharif,Well,2547.21,High
Maharashtra,Nashik,Banana,Kharif,Drip,1849.61,Medium
Maharashtra,Nashik,Banana,Kharif,Canal,2731.97,High
Maharashtra,Nashik,Banana,Kharif,Rainfed,2238.47,Medium
Maharashtra,Nashik,Banana,Kharif,Well,2961.67,High
Maharashtra,Nashik,Grapes,Annual,Drip,780.68,Low
Maharashtra,Nashik,Grapes,Annual,Canal,1020.43,Medium
Maharashtra,Nashik,Grapes,Annual,Rainfed,896.74,Low
Maharashtra,Nashik,Grapes,Annual,Well,1149.98,Medium
Maharashtra,Nashik,Onions,Annual,Drip,454.8,Low
Maharashtra,Nashik,Onions,Annual,Canal,625.32,Low
Maharashtra,Nashik,Onions,Annual,Rainfed,509.35,Low
Maharashtra,Nashik,Onions,Annual,Well,634.39,Low
Maharashtra,Aurangabad,Sugarcane,Kharif,Drip,1746.01,Medium
Maharashtra,Aurangabad,Sugarcane,Kharif,Canal,2913.13,High
Maharashtra,Aurangabad,Sugarcane,Kharif,Rainfed,2205.93,Medium
Maharashtra,Aurangabad,Sugarcane,Kharif,Well,2856.4,High
Maharashtra,Aurangabad,Soybean,Kharif,Drip,855.65,Low
Maharashtra,Aurangabad,Soybean,Kharif,Canal,1407.24,Medium
Maharashtra,Aurangabad,Soybean,Kharif,Rainfed,1033.95,Medium
Maharashtra,Aurangabad,Soybean,Kharif,Well,1560.04,Medium
Maharashtra,Aurangabad,Cotton,Kharif,Drip,1741.79,Medium
Maharashtra,Aurangabad,Cotton,Kharif,Canal,2765.65,High
Maharashtra,Aurangabad,Cotton,Kharif,Rainfed,2066.77,Medium
Maharashtra,Aurangabad,Cotton,Kharif,Well,2967.03,High
Maharashtra,Aurangabad,Rice,Kharif,Drip,2318.56,Medium
Maharashtra,Aurangabad,Rice,Kharif,Canal,3356.59,High
Maharashtra,Aurangabad,Rice,Kharif,Rainfed,2510.15,High
Maharashtra,Aurangabad,Rice,Kharif,Well,3540.42,High
Maharashtra,Aurangabad,Jowar,Rabi,Drip,1147.56,Medium
Maharashtra,Aurangabad,Jowar,Rabi,Canal,1753.46,Medium
Maharashtra,Aurangabad,Jowar,Rabi,Rainfed,1437.49,Medium
Maharashtra,Aurangabad,Jowar,Rabi,Well,1644.34,Medium
Maharashtra,Aurangabad,Wheat,Rabi,Drip,1388.66,Medium
Maharashtra,Aurangabad,Wheat,Rabi,Canal,2248.39,Medium
Maharashtra,Aurangabad,Wheat,Rabi,Rainfed,1625.25,Medium
Maharashtra,Aurangabad,Wheat,Rabi,Well,2586.49,High
Maharashtra,Aurangabad,Tur,Kharif,Drip,649.64,Low
Maharashtra,Aurangabad,Tur,Kharif,Canal,820.59,Low
Maharashtra,Aurangabad,Tur,Kharif,Rainfed,670.71,Low
Maharashtra,Aurangabad,Tur,Kharif,Well,1005.35,Medium
Maharashtra,Aurangabad,Maize,Kharif,Drip,609.09,Low
Maharashtra,Aurangabad,Maize,Kharif,Canal,965.17,Low
Maharashtra,Aurangabad,Maize,Kharif,Rainfed,709.1,Low
Maharashtra,Aurangabad,Maize,Kharif,Well,1046.32,Medium
Maharashtra,Aurangabad,Groundnut,Kharif,Drip,1833.8,Medium
Maharashtra,Aurangabad,Groundnut,Kharif,Canal,2724.63,High
Maharashtra,Aurangabad,Groundnut,Kharif,Rainfed,2462.73,Medium
Maharashtra,Aurangabad,Groundnut,Kharif,Well,2900.16,High
Maharashtra,Aurangabad,Banana,Kharif,Drip,2449.34,Medium
Maharashtra,Aurangabad,Banana,Kharif,Canal,3399.32,High
Maharashtra,Aurangabad,Banana,Kharif,Rainfed,2570.26,High
Maharashtra,Aurangabad,Banana,Kharif,Well,3587.26,High
Maharashtra,Aurangabad,Grapes,Annual,Drip,1009.13,Medium
Maharashtra,Aurangabad,Grapes,Annual,Canal,1356.42,Medium
Maharashtra,Aurangabad,Grapes,Annual,Rainfed,956.46,Low
Maharashtra,Aurangabad,Grapes,Annual,Well,1332.87,Medium
Maharashtra,Aurangabad,Onions,Annual,Drip,485.65,Low
Maharashtra,Aurangabad,Onions,Annual,Canal,693.9,Low
Maharashtra,Aurangabad,Onions,Annual,Rainfed,659.27,Low
Maharashtra,Aurangabad,Onions,Annual,Well,860.55,Low
Maharashtra,Solapur,Sugarcane,Kharif,Drip,2033.39,Medium
Maharashtra,Solapur,Sugarcane,Kharif,Canal,2805.18,High
Maharashtra,Solapur,Sugarcane,Kharif,Rainfed,2228.94,Medium
Maharashtra,Solapur,Sugarcane,Kharif,Well,3256.27,High
Maharashtra,Solapur,Soybean,Kharif,Drip,1092.36,Medium
Maharashtra,Solapur,Soybean,Kharif,Canal,1473.71,Medium
Maharashtra,Solapur,Soybean,Kharif,Rainfed,1083.51,Medium
Maharashtra,Solapur,Soybean,Kharif,Well,1471.8,Medium
Maharashtra,Solapur,Cotton,Kharif,Drip,2186.51,Medium
Maharashtra,Solapur,Cotton,Kharif,Canal,3240.15,High
Maharashtra,Solapur,Cotton,Kharif,Rainfed,2327.66,Medium
Maharashtra,Solapur,Cotton,Kharif,Well,3087.24,High
Maharashtra,Solapur,Rice,Kharif,Drip,2369.22,Medium
Maharashtra,Solapur,Rice,Kharif,Canal,3686.74,High
Maharashtra,Solapur,Rice,Kharif,Rainfed,2789.66,High
Maharashtra,Solapur,Rice,Kharif,Well,3778.77,High
Maharashtra,Solapur,Jowar,Rabi,Drip,1311.97,Medium
Maharashtra,Solapur,Jowar,Rabi,Canal,1774.44,Medium
Maharashtra,Solapur,Jowar,Rabi,Rainfed,1495.33,Medium
Maharashtra,Solapur,Jowar,Rabi,Well,1881.78,Medium
Maharashtra,Solapur,Wheat,Rabi,Drip,1694.41,Medium
Maharashtra,Solapur,Wheat,Rabi,Canal,2636.49,High
Maharashtra,Solapur,Wheat,Rabi,Rainfed,1889.03,Medium
Maharashtra,Solapur,Wheat,Rabi,Well,2877.74,High
Maharashtra,Solapur,Tur,Kharif,Drip,697.15,Low
Maharashtra,Solapur,Tur,Kharif,Canal,1004.02,Medium
Maharashtra,Solapur,Tur,Kharif,Rainfed,829.15,Low
Maharashtra,Solapur,Tur,Kharif,Well,989.39,Low
Maharashtra,Solapur,Maize,Kharif,Drip,699.87,Low
Maharashtra,Solapur,Maize,Kharif,Canal,1042.97,Medium
Maharashtra,Solapur,Maize,Kharif,Rainfed,838.21,Low
Maharashtra,Solapur,Maize,Kharif,Well,1156.06,Medium
Maharashtra,Solapur,Groundnut,Kharif,Drip,2242.34,Medium
Maharashtra,Solapur,Groundnut,Kharif,Canal,3134.42,High
Maharashtra,Solapur,Groundnut,Kharif,Rainfed,2349.1,Medium
Maharashtra,Solapur,Groundnut,Kharif,Well,3453.04,High
Maharashtra,Solapur,Banana,Kharif,Drip,2593.53,High
Maharashtra,Solapur,Banana,Kharif,Canal,3282.0,High
Maharashtra,Solapur,Banana,Kharif,Rainfed,2663.68,High
Maharashtra,Solapur,Banana,Kharif,Well,4210.84,High
Maharashtra,Solapur,Grapes,Annual,Drip,1060.6,Medium
Maharashtra,Solapur,Grapes,Annual,Canal,1457.87,Medium
Maharashtra,Solapur,Grapes,Annual,Rainfed,1261.87,Medium
Maharashtra,Solapur,Grapes,Annual,Well,1462.96,Medium
Maharashtra,Solapur,Onions,Annual,Drip,602.11,Low
Maharashtra,Solapur,Onions,Annual,Canal,907.68,Low
Maharashtra,Solapur,Onions,Annual,Rainfed,672.36,Low
Maharashtra,Solapur,Onions,Annual,Well,1012.2,Medium
Maharashtra,Ratnagiri,Sugarcane,Kharif,Drip,1443.67,Medium
Maharashtra,Ratnagiri,Sugarcane,Kharif,Canal,2089.24,Medium
Maharashtra,Ratnagiri,Sugarcane,Kharif,Rainfed,1847.13,Medium
Maharashtra,Ratnagiri,Sugarcane,Kharif,Well,2205.67,Medium
Maharashtra,Ratnagiri,Soybean,Kharif,Drip,670.43,Low
Maharashtra,Ratnagiri,Soybean,Kharif,Canal,1023.75,Medium
Maharashtra,Ratnagiri,Soybean,Kharif,Rainfed,836.62,Low
Maharashtra,Ratnagiri,Soybean,Kharif,Well,1165.65,Medium
Maharashtra,Ratnagiri,Cotton,Kharif,Drip,1583.63,Medium
Maharashtra,Ratnagiri,Cotton,Kharif,Canal,2243.95,Medium
Maharashtra,Ratnagiri,Cotton,Kharif,Rainfed,1674.55,Medium
Maharashtra,Ratnagiri,Cotton,Kharif,Well,2111.32,Medium
Maharashtra,Ratnagiri,Rice,Kharif,Drip,1838.12,Medium
Maharashtra,Ratnagiri,Rice,Kharif,Canal,2327.06,Medium
Maharashtra,Ratnagiri,Rice,Kharif,Rainfed,1906.55,Medium
Maharashtra,Ratnagiri,Rice,Kharif,Well,3081.91,High
Maharashtra,Ratnagiri,Jowar,Rabi,Drip,937.99,Low
Maharashtra,Ratnagiri,Jowar,Rabi,Canal,1279.43,Medium
Maharashtra,Ratnagiri,Jowar,Rabi,Rainfed,962.86,Low
Maharashtra,Ratnagiri,Jowar,Rabi,Well,1436.73,Medium
Maharashtra,Ratnagiri,Wheat,Rabi,Drip,1198.27,Medium
Maharashtra,Ratnagiri,Wheat,Rabi,Canal,1730.84,Medium
Maharashtra,Ratnagiri,Wheat,Rabi,Rainfed,1402.82,Medium
Maharashtra,Ratnagiri,Wheat,Rabi,Well,1955.55,Medium
Maharashtra,Ratnagiri,Tur,Kharif,Drip,462.43,Low
Maharashtra,Ratnagiri,Tur,Kharif,Canal,704.86,Low
Maharashtra,Ratnagiri,Tur,Kharif,Rainfed,509.71,Low
Maharashtra,Ratnagiri,Tur,Kharif,Well,719.15,Low
Maharashtra,Ratnagiri,Maize,Kharif,Drip,481.51,Low
Maharashtra,Ratnagiri,Maize,Kharif,Canal,651.19,Low
Maharashtra,Ratnagiri,Maize,Kharif,Rainfed,566.84,Low
Maharashtra,Ratnagiri,Maize,Kharif,Well,698.6,Low
Maharashtra,Ratnagiri,Groundnut,Kharif,Drip,1447.33,Medium
Maharashtra,Ratnagiri,Groundnut,Kharif,Canal,2052.39,Medium
Maharashtra,Ratnagiri,Groundnut,Kharif,Rainfed,1611.0,Medium
Maharashtra,Ratnagiri,Groundnut,Kharif,Well,2459.11,Medium
Maharashtra,Ratnagiri,Banana,Kharif,Drip,1785.82,Medium
Maharashtra,Ratnagiri,Banana,Kharif,Canal,2728.01,High
Maharashtra,Ratnagiri,Banana,Kharif,Rainfed,1996.1,Medium
Maharashtra,Ratnagiri,Banana,Kharif,Well,2735.52,High
Maharashtra,Ratnagiri,Grapes,Annual,Drip,782.54,Low
Maharashtra,Ratnagiri,Grapes,Annual,Canal,1054.68,Medium
Maharashtra,Ratnagiri,Grapes,Annual,Rainfed,831.2,Low
Maharashtra,Ratnagiri,Grapes,Annual,Well,1229.12,Medium
Maharashtra,Ratnagiri,Onions,Annual,Drip,447.65,Low
Maharashtra,Ratnagiri,Onions,Annual,Canal,653.32,Low
Maharashtra,Ratnagiri,Onions,Annual,Rainfed,487.31,Low
Maharashtra,Ratnagiri,Onions,Annual,Well,646.29,Low
Maharashtra,Raigad,Sugarcane,Kharif,Drip,1626.99,Medium
Maharashtra,Raigad,Sugarcane,Kharif,Canal,2348.1,Medium
Maharashtra,Raigad,Sugarcane,Kharif,Rainfed,1714.35,Medium
Maharashtra,Raigad,Sugarcane,Kharif,Well,2549.93,High
Maharashtra,Raigad,Soybean,Kharif,Drip,749.83,Low
Maharashtra,Raigad,Soybean,Kharif,Canal,1107.17,Medium
Maharashtra,Raigad,Soybean,Kharif,Rainfed,795.14,Low
Maharashtra,Raigad,Soybean,Kharif,Well,1264.08,Medium
Maharashtra,Raigad,Cotton,Kharif,Drip,1465.68,Medium
Maharashtra,Raigad,Cotton,Kharif,Canal,2109.95,Medium
Maharashtra,Raigad,Cotton,Kharif,Rainfed,1867.2,Medium
Maharashtra,Raigad,Cotton,Kharif,Well,2416.28,Medium
Maharashtra,Raigad,Rice,Kharif,Drip,2014.65,Medium
Maharashtra,Raigad,Rice,Kharif,Canal,2437.08,Medium
Maharashtra,Raigad,Rice,Kharif,Rainfed,2245.53,Medium
Maharashtra,Raigad,Rice,Kharif,Well,3234.14,High
Maharashtra,Raigad,Jowar,Rabi,Drip,927.35,Low
Maharashtra,Raigad,Jowar,Rabi,Canal,1327.03,Medium
Maharashtra,Raigad,Jowar,Rabi,Rainfed,1097.51,Medium
Maharashtra,Raigad,Jowar,Rabi,Well,1447.18,Medium
Maharashtra,Raigad,Wheat,Rabi,Drip,1235.81,Medium
Maharashtra,Raigad,Wheat,Rabi,Canal,1890.79,Medium
Maharashtra,Raigad,Wheat,Rabi,Rainfed,1446.87,Medium
Maharashtra,Raigad,Wheat,Rabi,Well,1966.92,Medium
Maharashtra,Raigad,Tur,Kharif,Drip,550.07,Low
Maharashtra,Raigad,Tur,Kharif,Canal,766.04,Low
Maharashtra,Raigad,Tur,Kharif,Rainfed,558.02,Low
Maharashtra,Raigad,Tur,Kharif,Well,803.64,Low
Maharashtra,Raigad,Maize,Kharif,Drip,520.12,Low
Maharashtra,Raigad,Maize,Kharif,Canal,739.45,Low
Maharashtra,Raigad,Maize,Kharif,Rainfed,574.67,Low
Maharashtra,Raigad,Maize,Kharif,Well,732.87,Low
Maharashtra,Raigad,Groundnut,Kharif,Drip,1537.43,Medium
Maharashtra,Raigad,Groundnut,Kharif,Canal,2300.46,Medium
Maharashtra,Raigad,Groundnut,Kharif,Rainfed,1788.24,Medium
Maharashtra,Raigad,Groundnut,Kharif,Well,2724.42,High
Maharashtra,Raigad,Banana,Kharif,Drip,1823.7,Medium
Maharashtra,Raigad,Banana,Kharif,Canal,2562.91,High
Maharashtra,Raigad,Banana,Kharif,Rainfed,2130.2,Medium
Maharashtra,Raigad,Banana,Kharif,Well,2736.81,High
Maharashtra,Raigad,Grapes,Annual,Drip,735.76,Low
Maharashtra,Raigad,Grapes,Annual,Canal,1066.77,Medium
Maharashtra,Raigad,Grapes,Annual,Rainfed,883.53,Low
Maharashtra,Raigad,Grapes,Annual,Well,1304.15,Medium
Maharashtra,Raigad,Onions,Annual,Drip,482.03,Low
Maharashtra,Raigad,Onions,Annual,Canal,617.62,Low
Maharashtra,Raigad,Onions,Annual,Rainfed,551.49,Low
Maharashtra,Raigad,Onions,Annual,Well,688.67,Low
Maharashtra,Thane,Sugarcane,Kharif,Drip,1426.96,Medium
Maharashtra,Thane,Sugarcane,Kharif,Canal,2213.01,Medium
Maharashtra,Thane,Sugarcane,Kharif,Rainfed,1679.57,Medium
Maharashtra,Thane,Sugarcane,Kharif,Well,2280.71,Medium
Maharashtra,Thane,Soybean,Kharif,Drip,764.62,Low
Maharashtra,Thane,Soybean,Kharif,Canal,1125.68,Medium
Maharashtra,Thane,Soybean,Kharif,Rainfed,944.93,Low
Maharashtra,Thane,Soybean,Kharif,Well,1129.55,Medium
Maharashtra,Thane,Cotton,Kharif,Drip,1591.49,Medium
Maharashtra,Thane,Cotton,Kharif,Canal,2408.06,Medium
Maharashtra,Thane,Cotton,Kharif,Rainfed,1953.29,Medium
Maharashtra,Thane,Cotton,Kharif,Well,2355.2,Medium
Maharashtra,Thane,Rice,Kharif,Drip,1755.37,Medium
Maharashtra,Thane,Rice,Kharif,Canal,2924.27,High
Maharashtra,Thane,Rice,Kharif,Rainfed,2191.05,Medium
Maharashtra,Thane,Rice,Kharif,Well,3234.23,High
Maharashtra,Thane,Jowar,Rabi,Drip,1019.36,Medium
Maharashtra,Thane,Jowar,Rabi,Canal,1321.61,Medium
Maharashtra,Thane,Jowar,Rabi,Rainfed,1131.56,Medium
Maharashtra,Thane,Jowar,Rabi,Well,1386.45,Medium
Maharashtra,Thane,Wheat,Rabi,Drip,1284.69,Medium
Maharashtra,Thane,Wheat,Rabi,Canal,1648.75,Medium
Maharashtra,Thane,Wheat,Rabi,Rainfed,1363.1,Medium
Maharashtra,Thane,Wheat,Rabi,Well,2086.8,Medium
Maharashtra,Thane,Tur,Kharif,Drip,539.07,Low
Maharashtra,Thane,Tur,Kharif,Canal,707.59,Low
Maharashtra,Thane,Tur,Kharif,Rainfed,613.61,Low
Maharashtra,Thane,Tur,Kharif,Well,817.84,Low
Maharashtra,Thane,Maize,Kharif,Drip,546.74,Low
Maharashtra,Thane,Maize,Kharif,Canal,770.53,Low
Maharashtra,Thane,Maize,Kharif,Rainfed,570.16,Low
Maharashtra,Thane,Maize,Kharif,Well,733.42,Low
Maharashtra,Thane,Groundnut,Kharif,Drip,1800.75,Medium
Maharashtra,Thane,Groundnut,Kharif,Canal,2251.51,Medium
Maharashtra,Thane,Groundnut,Kharif,Rainfed,2004.48,Medium
Maharashtra,Thane,Groundnut,Kharif,Well,2595.24,High
Maharashtra,Thane,Banana,Kharif,Drip,1887.55,Medium
Maharashtra,Thane,Banana,Kharif,Canal,2833.05,High
Maharashtra,Thane,Banana,Kharif,Rainfed,1970.71,Medium
Maharashtra,Thane,Banana,Kharif,Well,2872.66,High
Maharashtra,Thane,Grapes,Annual,Drip,793.74,Low
Maharashtra,Thane,Grapes,Annual,Canal,1032.93,Medium
Maharashtra,Thane,Grapes,Annual,Rainfed,809.81,Low
Maharashtra,Thane,Grapes,Annual,Well,1263.26,Medium
Maharashtra,Thane,Onions,Annual,Drip,427.29,Low
Maharashtra,Thane,Onions,Annual,Canal,633.01,Low
Maharashtra,Thane,Onions,Annual,Rainfed,458.86,Low
Maharashtra,Thane,Onions,Annual,Well,660.92,Low
Maharashtra,Satara,Sugarcane,Kharif,Drip,1581.97,Medium
Maharashtra,Satara,Sugarcane,Kharif,Canal,2522.54,High
Maharashtra,Satara,Sugarcane,Kharif,Rainfed,1859.51,Medium
Maharashtra,Satara,Sugarcane,Kharif,Well,2846.38,High
Maharashtra,Satara,Soybean,Kharif,Drip,768.16,Low
Maharashtra,Satara,Soybean,Kharif,Canal,1081.21,Medium
Maharashtra,Satara,Soybean,Kharif,Rainfed,822.23,Low
Maharashtra,Satara,Soybean,Kharif,Well,1211.11,Medium
Maharashtra,Satara,Cotton,Kharif,Drip,1678.0,Medium
Maharashtra,Satara,Cotton,Kharif,Canal,2351.65,Medium
Maharashtra,Satara,Cotton,Kharif,Rainfed,2081.24,Medium
Maharashtra,Satara,Cotton,Kharif,Well,2684.76,High
Maharashtra,Satara,Rice,Kharif,Drip,2100.26,Medium
Maharashtra,Satara,Rice,Kharif,Canal,2691.12,High
Maharashtra,Satara,Rice,Kharif,Rainfed,2279.78,Medium
Maharashtra,Satara,Rice,Kharif,Well,2902.77,High
Maharashtra,Satara,Jowar,Rabi,Drip,1061.38,Medium
Maharashtra,Satara,Jowar,Rabi,Canal,1328.9,Medium
Maharashtra,Satara,Jowar,Rabi,Rainfed,1201.75,Medium
Maharashtra,Satara,Jowar,Rabi,Well,1558.01,Medium
Maharashtra,Satara,Wheat,Rabi,Drip,1446.12,Medium
Maharashtra,Satara,Wheat,Rabi,Canal,2049.54,Medium
Maharashtra,Satara,Wheat,Rabi,Rainfed,1638.43,Medium
Maharashtra,Satara,Wheat,Rabi,Well,1981.73,Medium
Maharashtra,Satara,Tur,Kharif,Drip,539.38,Low
Maharashtra,Satara,Tur,Kharif,Canal,692.82,Low
Maharashtra,Satara,Tur,Kharif,Rainfed,609.29,Low
Maharashtra,Satara,Tur,Kharif,Well,807.68,Low
Maharashtra,Satara,Maize,Kharif,Drip,490.95,Low
Maharashtra,Satara,Maize,Kharif,Canal,808.57,Low
Maharashtra,Satara,Maize,Kharif,Rainfed,574.61,Low
Maharashtra,Satara,Maize,Kharif,Well,861.41,Low
Maharashtra,Satara,Groundnut,Kharif,Drip,1848.15,Medium
Maharashtra,Satara,Groundnut,Kharif,Canal,2242.56,Medium
Maharashtra,Satara,Groundnut,Kharif,Rainfed,1945.93,Medium
Maharashtra,Satara,Groundnut,Kharif,Well,2488.17,Medium
Maharashtra,Satara,Banana,Kharif,Drip,2014.68,Medium
Maharashtra,Satara,Banana,Kharif,Canal,2906.71,High
Maharashtra,Satara,Banana,Kharif,Rainfed,2480.14,Medium
Maharashtra,Satara,Banana,Kharif,Well,3088.9,High
Maharashtra,Satara,Grapes,Annual,Drip,876.71,Low
Maharashtra,Satara,Grapes,Annual,Canal,1140.65,Medium
Maharashtra,Satara,Grapes,Annual,Rainfed,934.23,Low
Maharashtra,Satara,Grapes,Annual,Well,1324.47,Medium
Maharashtra,Satara,Onions,Annual,Drip,421.26,Low
Maharashtra,Satara,Onions,Annual,Canal,704.24,Low
Maharashtra,Satara,Onions,Annual,Rainfed,534.06,Low
Maharashtra,Satara,Onions,Annual,Well,685.59,Low
Maharashtra,Sangli,Sugarcane,Kharif,Drip,1794.59,Medium
Maharashtra,Sangli,Sugarcane,Kharif,Canal,2249.51,Medium
Maharashtra,Sangli,Sugarcane,Kharif,Rainfed,2015.68,Medium
Maharashtra,Sangli,Sugarcane,Kharif,Well,2489.5,Medium
Maharashtra,Sangli,Soybean,Kharif,Drip,771.95,Low
Maharashtra,Sangli,Soybean,Kharif,Canal,1181.82,Medium
Maharashtra,Sangli,Soybean,Kharif,Rainfed,922.25,Low
Maharashtra,Sangli,Soybean,Kharif,Well,1149.68,Medium
Maharashtra,Sangli,Cotton,Kharif,Drip,1718.61,Medium
Maharashtra,Sangli,Cotton,Kharif,Canal,2486.6,Medium
Maharashtra,Sangli,Cotton,Kharif,Rainfed,2045.02,Medium
Maharashtra,Sangli,Cotton,Kharif,Well,2827.89,High
Maharashtra,Sangli,Rice,Kharif,Drip,2111.01,Medium
Maharashtra,Sangli,Rice,Kharif,Canal,2826.28,High
Maharashtra,Sangli,Rice,Kharif,Rainfed,2249.29,Medium
Maharashtra,Sangli,Rice,Kharif,Well,3036.46,High
Maharashtra,Sangli,Jowar,Rabi,Drip,1025.08,Medium
Maharashtra,Sangli,Jowar,Rabi,Canal,1408.58,Medium
Maharashtra,Sangli,Jowar,Rabi,Rainfed,1190.46,Medium
Maharashtra,Sangli,Jowar,Rabi,Well,1618.63,Medium
Maharashtra,Sangli,Wheat,Rabi,Drip,1412.07,Medium
Maharashtra,Sangli,Wheat,Rabi,Canal,2089.91,Medium
Maharashtra,Sangli,Wheat,Rabi,Rainfed,1451.35,Medium
Maharashtra,Sangli,Wheat,Rabi,Well,1960.66,Medium
Maharashtra,Sangli,Tur,Kharif,Drip,489.83,Low
Maharashtra,Sangli,Tur,Kharif,Canal,722.12,Low
Maharashtra,Sangli,Tur,Kharif,Rainfed,602.35,Low
Maharashtra,Sangli,Tur,Kharif,Well,902.2,Low
Maharashtra,Sangli,Maize,Kharif,Drip,517.22,Low
Maharashtra,Sangli,Maize,Kharif,Canal,741.29,Low
Maharashtra,Sangli,Maize,Kharif,Rainfed,569.94,Low
Maharashtra,Sangli,Maize,Kharif,Well,758.22,Low
Maharashtra,Sangli,Groundnut,Kharif,Drip,1691.52,Medium
Maharashtra,Sangli,Groundnut,Kharif,Canal,2452.31,Medium
Maharashtra,Sangli,Groundnut,Kharif,Rainfed,2136.68,Medium
Maharashtra,Sangli,Groundnut,Kharif,Well,2599.45,High
Maharashtra,Sangli,Banana,Kharif,Drip,1918.96,Medium
Maharashtra,Sangli,Banana,Kharif,Canal,2860.19,High
Maharashtra,Sangli,Banana,Kharif,Rainfed,2083.21,Medium
Maharashtra,Sangli,Banana,Kharif,Well,2902.65,High
Maharashtra,Sangli,Grapes,Annual,Drip,781.49,Low
Maharashtra,Sangli,Grapes,Annual,Canal,1217.68,Medium
Maharashtra,Sangli,Grapes,Annual,Rainfed,956.15,Low
Maharashtra,Sangli,Grapes,Annual,Well,1282.0,Medium
Maharashtra,Sangli,Onions,Annual,Drip,437.93,Low
Maharashtra,Sangli,Onions,Annual,Canal,652.68,Low
Maharashtra,Sangli,Onions,Annual,Rainfed,506.77,Low
Maharashtra,Sangli,Onions,Annual,Well,736.45,Low
Maharashtra,Amravati,Sugarcane,Kharif,Drip,1812.23,Medium
Maharashtra,Amravati,Sugarcane,Kharif,Canal,2591.51,High
Maharashtra,Amravati,Sugarcane,Kharif,Rainfed,2080.57,Medium
Maharashtra,Amravati,Sugarcane,Kharif,Well,3072.69,High
Maharashtra,Amravati,Soybean,Kharif,Drip,835.98,Low
Maharashtra,Amravati,Soybean,Kharif,Canal,1173.8,Medium
Maharashtra,Amravati,Soybean,Kharif,Rainfed,953.0,Low
Maharashtra,Amravati,Soybean,Kharif,Well,1318.33,Medium
Maharashtra,Amravati,Cotton,Kharif,Drip,1723.45,Medium
Maharashtra,Amravati,Cotton,Kharif,Canal,2725.74,High
Maharashtra,Amravati,Cotton,Kharif,Rainfed,2002.32,Medium
Maharashtra,Amravati,Cotton,Kharif,Well,2746.99,High
Maharashtra,Amravati,Rice,Kharif,Drip,2247.09,Medium
Maharashtra,Amravati,Rice,Kharif,Canal,3355.17,High
Maharashtra,Amravati,Rice,Kharif,Rainfed,2526.1,High
Maharashtra,Amravati,Rice,Kharif,Well,3128.92,High
Maharashtra,Amravati,Jowar,Rabi,Drip,1135.28,Medium
Maharashtra,Amravati,Jowar,Rabi,Canal,1551.48,Medium
Maharashtra,Amravati,Jowar,Rabi,Rainfed,1137.0,Medium
Maharashtra,Amravati,Jowar,Rabi,Well,1682.61,Medium
Maharashtra,Amravati,Wheat,Rabi,Drip,1615.01,Medium
Maharashtra,Amravati,Wheat,Rabi,Canal,2168.4,Medium
Maharashtra,Amravati,Wheat,Rabi,Rainfed,1595.07,Medium
Maharashtra,Amravati,Wheat,Rabi,Well,2202.19,Medium
Maharashtra,Amravati,Tur,Kharif,Drip,532.87,Low
Maharashtra,Amravati,Tur,Kharif,Canal,920.87,Low
Maharashtra,Amravati,Tur,Kharif,Rainfed,635.97,Low
Maharashtra,Amravati,Tur,Kharif,Well,862.51,Low
Maharashtra,Amravati,Maize,Kharif,Drip,619.6,Low
Maharashtra,Amravati,Maize,Kharif,Canal,792.09,Low
Maharashtra,Amravati,Maize,Kharif,Rainfed,672.3,Low
Maharashtra,Amravati,Maize,Kharif,Well,892.42,Low
Maharashtra,Amravati,Groundnut,Kharif,Drip,1826.15,Medium
Maharashtra,Amravati,Groundnut,Kharif,Canal,2693.33,High
Maharashtra,Amravati,Groundnut,Kharif,Rainfed,2131.48,Medium
Maharashtra,Amravati,Groundnut,Kharif,Well,2786.57,High
Maharashtra,Amravati,Banana,Kharif,Drip,2120.86,Medium
Maharashtra,Amravati,Banana,Kharif,Canal,2901.73,High
Maharashtra,Amravati,Banana,Kharif,Rainfed,2276.43,Medium
Maharashtra,Amravati,Banana,Kharif,Well,3672.74,High
Maharashtra,Amravati,Grapes,Annual,Drip,929.12,Low
Maharashtra,Amravati,Grapes,Annual,Canal,1294.62,Medium
Maharashtra,Amravati,Grapes,Annual,Rainfed,930.03,Low
Maharashtra,Amravati,Grapes,Annual,Well,1439.85,Medium
Maharashtra,Amravati,Onions,Annual,Drip,537.58,Low
Maharashtra,Amravati,Onions,Annual,Canal,755.46,Low
Maharashtra,Amravati,Onions,Annual,Rainfed,548.91,Low
Maharashtra,Amravati,Onions,Annual,Well,781.17,Low
Maharashtra,Kolhapur,Sugarcane,Kharif,Drip,1596.59,Medium
Maharashtra,Kolhapur,Sugarcane,Kharif,Canal,1998.61,Medium
Maharashtra,Kolhapur,Sugarcane,Kharif,Rainfed,1846.4,Medium
Maharashtra,Kolhapur,Sugarcane,Kharif,Well,2502.22,High
Maharashtra,Kolhapur,Soybean,Kharif,Drip,668.64,Low
Maharashtra,Kolhapur,Soybean,Kharif,Canal,966.82,Low
Maharashtra,Kolhapur,Soybean,Kharif,Rainfed,879.13,Low
Maharashtra,Kolhapur,Soybean,Kharif,Well,1231.39,Medium
Maharashtra,Kolhapur,Cotton,Kharif,Drip,1446.49,Medium
Maharashtra,Kolhapur,Cotton,Kharif,Canal,2054.64,Medium
Maharashtra,Kolhapur,Cotton,Kharif,Rainfed,1848.57,Medium
Maharashtra,Kolhapur,Cotton,Kharif,Well,2389.47,Medium
Maharashtra,Kolhapur,Rice,Kharif,Drip,1896.57,Medium
Maharashtra,Kolhapur,Rice,Kharif,Canal,2504.07,High
Maharashtra,Kolhapur,Rice,Kharif,Rainfed,2011.89,Medium
Maharashtra,Kolhapur,Rice,Kharif,Well,2764.63,High
Maharashtra,Kolhapur,Jowar,Rabi,Drip,846.58,Low
Maharashtra,Kolhapur,Jowar,Rabi,Canal,1303.83,Medium
Maharashtra,Kolhapur,Jowar,Rabi,Rainfed,1053.67,Medium
Maharashtra,Kolhapur,Jowar,Rabi,Well,1407.95,Medium
Maharashtra,Kolhapur,Wheat,Rabi,Drip,1124.83,Medium
Maharashtra,Kolhapur,Wheat,Rabi,Canal,1782.31,Medium
Maharashtra,Kolhapur,Wheat,Rabi,Rainfed,1304.62,Medium
Maharashtra,Kolhapur,Wheat,Rabi,Well,1701.46,Medium
Maharashtra,Kolhapur,Tur,Kharif,Drip,492.44,Low
Maharashtra,Kolhapur,Tur,Kharif,Canal,724.73,Low
Maharashtra,Kolhapur,Tur,Kharif,Rainfed,496.03,Low
Maharashtra,Kolhapur,Tur,Kharif,Well,760.56,Low
Maharashtra,Kolhapur,Maize,Kharif,Drip,495.6,Low
Maharashtra,Kolhapur,Maize,Kharif,Canal,711.66,Low
Maharashtra,Kolhapur,Maize,Kharif,Rainfed,528.62,Low
Maharashtra,Kolhapur,Maize,Kharif,Well,677.35,Low
Maharashtra,Kolhapur,Groundnut,Kharif,Drip,1394.07,Medium
Maharashtra,Kolhapur,Groundnut,Kharif,Canal,2328.46,Medium
Maharashtra,Kolhapur,Groundnut,Kharif,Rainfed,1817.74,Medium
Maharashtra,Kolhapur,Groundnut,Kharif,Well,2446.73,Medium
Maharashtra,Kolhapur,Banana,Kharif,Drip,1873.46,Medium
Maharashtra,Kolhapur,Banana,Kharif,Canal,2355.24,Medium
Maharashtra,Kolhapur,Banana,Kharif,Rainfed,2086.81,Medium
Maharashtra,Kolhapur,Banana,Kharif,Well,2832.14,High
Maharashtra,Kolhapur,Grapes,Annual,Drip,699.54,Low
Maharashtra,Kolhapur,Grapes,Annual,Canal,1015.38,Medium
Maharashtra,Kolhapur,Grapes,Annual,Rainfed,745.21,Low
Maharashtra,Kolhapur,Grapes,Annual,Well,1120.95,Medium
Maharashtra,Kolhapur,Onions,Annual,Drip,387.55,Low
Maharashtra,Kolhapur,Onions,Annual,Canal,582.29,Low
Maharashtra,Kolhapur,Onions,Annual,Rainfed,431.95,Low
Maharashtra,Kolhapur,Onions,Annual,Well,664.5,Low
Maharashtra,Ahmednagar,Sugarcane,Kharif,Drip,1693.34,Medium
Maharashtra,Ahmednagar,Sugarcane,Kharif,Canal,2260.69,Medium
Maharashtra,Ahmednagar,Sugarcane,Kharif,Rainfed,1889.07,Medium
Maharashtra,Ahmednagar,Sugarcane,Kharif,Well,2682.54,High
Maharashtra,Ahmednagar,Soybean,Kharif,Drip,823.65,Low
Maharashtra,Ahmednagar,Soybean,Kharif,Canal,1286.49,Medium
Maharashtra,Ahmednagar,Soybean,Kharif,Rainfed,979.47,Low
Maharashtra,Ahmednagar,Soybean,Kharif,Well,1425.75,Medium
Maharashtra,Ahmednagar,Cotton,Kharif,Drip,1798.74,Medium
Maharashtra,Ahmednagar,Cotton,Kharif,Canal,2436.25,Medium
Maharashtra,Ahmednagar,Cotton,Kharif,Rainfed,1900.6,Medium
Maharashtra,Ahmednagar,Cotton,Kharif,Well,2895.03,High
Maharashtra,Ahmednagar,Rice,Kharif,Drip,1999.95,Medium
Maharashtra,Ahmednagar,Rice,Kharif,Canal,3014.6,High
Maharashtra,Ahmednagar,Rice,Kharif,Rainfed,2183.5,Medium
Maharashtra,Ahmednagar,Rice,Kharif,Well,3180.89,High
Maharashtra,Ahmednagar,Jowar,Rabi,Drip,1045.94,Medium
Maharashtra,Ahmednagar,Jowar,Rabi,Canal,1577.13,Medium
Maharashtra,Ahmednagar,Jowar,Rabi,Rainfed,1284.29,Medium
Maharashtra,Ahmednagar,Jowar,Rabi,Well,1489.58,Medium
Maharashtra,Ahmednagar,Wheat,Rabi,Drip,1517.31,Medium
Maharashtra,Ahmednagar,Wheat,Rabi,Canal,2199.3,Medium
Maharashtra,Ahmednagar,Wheat,Rabi,Rainfed,1585.7,Medium
Maharashtra,Ahmednagar,Wheat,Rabi,Well,2092.44,Medium
Maharashtra,Ahmednagar,Tur,Kharif,Drip,556.42,Low
Maharashtra,Ahmednagar,Tur,Kharif,Canal,809.76,Low
Maharashtra,Ahmednagar,Tur,Kharif,Rainfed,692.42,Low
Maharashtra,Ahmednagar,Tur,Kharif,Well,793.08,Low
Maharashtra,Ahmednagar,Maize,Kharif,Drip,610.38,Low
Maharashtra,Ahmednagar,Maize,Kharif,Canal,851.6,Low
Maharashtra,Ahmednagar,Maize,Kharif,Rainfed,657.05,Low
Maharashtra,Ahmednagar,Maize,Kharif,Well,834.49,Low
Maharashtra,Ahmednagar,Groundnut,Kharif,Drip,1980.42,Medium
Maharashtra,Ahmednagar,Groundnut,Kharif,Canal,2782.95,High
Maharashtra,Ahmednagar,Groundnut,Kharif,Rainfed,1926.24,Medium
Maharashtra,Ahmednagar,Groundnut,Kharif,Well,2804.98,High
Maharashtra,Ahmednagar,Banana,Kharif,Drip,2179.11,Medium
Maharashtra,Ahmednagar,Banana,Kharif,Canal,3104.78,High
Maharashtra,Ahmednagar,Banana,Kharif,Rainfed,2567.99,High
Maharashtra,Ahmednagar,Banana,Kharif,Well,3396.85,High
Maharashtra,Ahmednagar,Grapes,Annual,Drip,800.95,Low
Maharashtra,Ahmednagar,Grapes,Annual,Canal,1236.69,Medium
Maharashtra,Ahmednagar,Grapes,Annual,Rainfed,1018.07,Medium
Maharashtra,Ahmednagar,Grapes,Annual,Well,1239.53,Medium
Maharashtra,Ahmednagar,Onions,Annual,Drip,510.84,Low
Maharashtra,Ahmednagar,Onions,Annual,Canal,704.58,Low
Maharashtra,Ahmednagar,Onions,Annual,Rainfed,608.21,Low
Maharashtra,Ahmednagar,Onions,Annual,Well,754.21,Low
Maharashtra,Chandrapur,Sugarcane,Kharif,Drip,1868.22,Medium
Maharashtra,Chandrapur,Sugarcane,Kharif,Canal,2835.03,High
Maharashtra,Chandrapur,Sugarcane,Kharif,Rainfed,2517.2,High
Maharashtra,Chandrapur,Sugarcane,Kharif,Well,3237.77,High
Maharashtra,Chandrapur,Soybean,Kharif,Drip,876.66,Low
Maharashtra,Chandrapur,Soybean,Kharif,Canal,1324.99,Medium
Maharashtra,Chandrapur,Soybean,Kharif,Rainfed,1010.77,Medium
Maharashtra,Chandrapur,Soybean,Kharif,Well,1557.36,Medium
Maharashtra,Chandrapur,Cotton,Kharif,Drip,2150.91,Medium
Maharashtra,Chandrapur,Cotton,Kharif,Canal,2652.03,High
Maharashtra,Chandrapur,Cotton,Kharif,Rainfed,2519.47,High
Maharashtra,Chandrapur,Cotton,Kharif,Well,3006.13,High
Maharashtra,Chandrapur,Rice,Kharif,Drip,2538.35,High
Maharashtra,Chandrapur,Rice,Kharif,Canal,3638.56,High
Maharashtra,Chandrapur,Rice,Kharif,Rainfed,2888.59,High
Maharashtra,Chandrapur,Rice,Kharif,Well,3446.57,High
Maharashtra,Chandrapur,Jowar,Rabi,Drip,1093.32,Medium
Maharashtra,Chandrapur,Jowar,Rabi,Canal,1780.4,Medium
Maharashtra,Chandrapur,Jowar,Rabi,Rainfed,1263.98,Medium
Maharashtra,Chandrapur,Jowar,Rabi,Well,1969.2,Medium
Maharashtra,Chandrapur,Wheat,Rabi,Drip,1660.53,Medium
Maharashtra,Chandrapur,Wheat,Rabi,Canal,2488.71,Medium
Maharashtra,Chandrapur,Wheat,Rabi,Rainfed,1661.59,Medium
Maharashtra,Chandrapur,Wheat,Rabi,Well,2703.48,High
Maharashtra,Chandrapur,Tur,Kharif,Drip,584.03,Low
Maharashtra,Chandrapur,Tur,Kharif,Canal,939.15,Low
Maharashtra,Chandrapur,Tur,Kharif,Rainfed,686.31,Low
Maharashtra,Chandrapur,Tur,Kharif,Well,1082.03,Medium
Maharashtra,Chandrapur,Maize,Kharif,Drip,590.44,Low
Maharashtra,Chandrapur,Maize,Kharif,Canal,948.91,Low
Maharashtra,Chandrapur,Maize,Kharif,Rainfed,677.55,Low
Maharashtra,Chandrapur,Maize,Kharif,Well,1079.83,Medium
Maharashtra,Chandrapur,Groundnut,Kharif,Drip,2217.81,Medium
Maharashtra,Chandrapur,Groundnut,Kharif,Canal,2861.49,High
Maharashtra,Chandrapur,Groundnut,Kharif,Rainfed,2497.79,Medium
Maharashtra,Chandrapur,Groundnut,Kharif,Well,3497.14,High
Maharashtra,Chandrapur,Banana,Kharif,Drip,2437.37,Medium
Maharashtra,Chandrapur,Banana,Kharif,Canal,3759.11,High
Maharashtra,Chandrapur,Banana,Kharif,Rainfed,2866.94,High
Maharashtra,Chandrapur,Banana,Kharif,Well,3771.16,High
Maharashtra,Chandrapur,Grapes,Annual,Drip,966.84,Low
Maharashtra,Chandrapur,Grapes,Annual,Canal,1504.06,Medium
Maharashtra,Chandrapur,Grapes,Annual,Rainfed,1212.88,Medium
Maharashtra,Chandrapur,Grapes,Annual,Well,1456.0,Medium
Maharashtra,Chandrapur,Onions,Annual,Drip,563.02,Low
Maharashtra,Chandrapur,Onions,Annual,Canal,871.68,Low
Maharashtra,Chandrapur,Onions,Annual,Rainfed,599.58,Low
Maharashtra,Chandrapur,Onions,Annual,Well,896.77,Low
