State,District,Crop,Season,Irrigation_Type,Total_Water_Footprint(L_per_kg),Category,text
Maharashtra,Pune,Sugarcane,Kharif,Drip,1870.01,Medium,Maharashtra Pune Sugarcane Kharif Drip total water footprint 1870.01 category Medium
Maharashtra,Pune,Sugarcane,Kharif,Canal,2414.33,Medium,Maharashtra Pune Sugarcane Kharif Canal total water footprint 2414.33 category Medium
Maharashtra,Pune,Sugarcane,Kharif,Rainfed,2197.25,Medium,Maharashtra Pune Sugarcane Kharif Rainfed total water footprint 2197.25 category Medium
Maharashtra,Pune,Sugarcane,Kharif,Well,2973.32,High,Maharashtra Pune Sugarcane Kharif Well total water footprint 2973.32 category High
Maharashtra,Pune,Soybean,Kharif,Drip,834.15,Low,Maharashtra Pune Soybean Kharif Drip total water footprint 834.15 category Low
Maharashtra,Pune,Soybean,Kharif,Canal,1307.13,Medium,Maharashtra Pune Soybean Kharif Canal total water footprint 1307.13 category Medium
Maharashtra,Pune,Soybean,Kharif,Rainfed,1055.88,Medium,Maharashtra Pune Soybean Kharif Rainfed total water footprint 1055.88 category Medium
Maharashtra,Pune,Soybean,Kharif,Well,1388.28,Medium,Maharashtra Pune Soybean Kharif Well total water footprint 1388.28 category Medium
Maharashtra,Pune,Cotton,Kharif,Drip,1644.4,Medium,Maharashtra Pune Cotton Kharif Drip total water footprint 1644.4 category Medium
Maharashtra,Pune,Cotton,Kharif,Canal,2638.97,High,Maharashtra Pune Cotton Kharif Canal total water footprint 2638.97 category High
Maharashtra,Pune,Cotton,Kharif,Rainfed,1954.28,Medium,Maharashtra Pune Cotton Kharif Rainfed total water footprint 1954.28 category Medium
Maharashtra,Pune,Cotton,Kharif,Well,2697.69,High,Maharashtra Pune Cotton Kharif Well total water footprint 2697.69 category High
Maharashtra,Pune,Rice,Kharif,Drip,2069.27,Medium,Maharashtra Pune Rice Kharif Drip total water footprint 2069.27 category Medium
Maharashtra,Pune,Rice,Kharif,Canal,3038.98,High,Maharashtra Pune Rice Kharif Canal total water footprint 3038.98 category High
Maharashtra,Pune,Rice,Kharif,Rainfed,2286.92,Medium,Maharashtra Pune Rice Kharif Rainfed total water footprint 2286.92 category Medium
Maharashtra,Pune,Rice,Kharif,Well,3102.56,High,Maharashtra Pune Rice Kharif Well total water footprint 3102.56 category High
Maharashtra,Pune,Jowar,Rabi,Drip,1001.9,Medium,Maharashtra Pune Jowar Rabi Drip total water footprint 1001.9 category Medium
Maharashtra,Pune,Jowar,Rabi,Canal,1471.27,Medium,Maharashtra Pune Jowar Rabi Canal total water footprint 1471.27 category Medium
Maharashtra,Pune,Jowar,Rabi,Rainfed,1227.15,Medium,Maharashtra Pune Jowar Rabi Rainfed total water footprint 1227.15 category Medium
Maharashtra,Pune,Jowar,Rabi,Well,1761.93,Medium,Maharashtra Pune Jowar Rabi Well total water footprint 1761.93 category Medium
Maharashtra,Pune,Wheat,Rabi,Drip,1438.53,Medium,Maharashtra Pune Wheat Rabi Drip total water footprint 1438.53 category Medium
Maharashtra,Pune,Wheat,Rabi,Canal,1946.16,Medium,Maharashtra Pune Wheat Rabi Canal total water footprint 1946.16 category Medium
Maharashtra,Pune,Wheat,Rabi,Rainfed,1624.86,Medium,Maharashtra Pune Wheat Rabi Rainfed total water footprint 1624.86 category Medium
Maharashtra,Pune,Wheat,Rabi,Well,2387.78,Medium,Maharashtra Pune Wheat Rabi Well total water footprint 2387.78 category Medium
Maharashtra,Pune,Tur,Kharif,Drip,585.31,Low,Maharashtra Pune Tur Kharif Drip total water footprint 585.31 category Low
Maharashtra,Pune,Tur,Kharif,Canal,794.88,Low,Maharashtra Pune Tur Kharif Canal total water footprint 794.88 category Low
Maharashtra,Pune,Tur,Kharif,Rainfed,588.18,Low,Maharashtra Pune Tur Kharif Rainfed total water footprint 588.18 category Low
Maharashtra,Pune,Tur,Kharif,Well,824.79,Low,Maharashtra Pune Tur Kharif Well total water footprint 824.79 category Low
Maharashtra,Pune,Maize,Kharif,Drip,521.45,Low,Maharashtra Pune Maize Kharif Drip total water footprint 521.45 category Low
Maharashtra,Pune,Maize,Kharif,Canal,863.39,Low,Maharashtra Pune Maize Kharif Canal total water footprint 863.39 category Low
Maharashtra,Pune,Maize,Kharif,Rainfed,608.56,Low,Maharashtra Pune Maize Kharif Rainfed total water footprint 608.56 category Low
Maharashtra,Pune,Maize,Kharif,Well,853.26,Low,Maharashtra Pune Maize Kharif Well total water footprint 853.26 category Low
Maharashtra,Pune,Groundnut,Kharif,Drip,1788.35,Medium,Maharashtra Pune Groundnut Kharif Drip total water footprint 1788.35 category Medium
Maharashtra,Pune,Groundnut,Kharif,Canal,2725.69,High,Maharashtra Pune Groundnut Kharif Canal total water footprint 2725.69 category High
Maharashtra,Pune,Groundnut,Kharif,Rainfed,2160.22,Medium,Maharashtra Pune Groundnut Kharif Rainfed total water footprint 2160.22 category Medium
Maharashtra,Pune,Groundnut,Kharif,Well,2960.75,High,Maharashtra Pune Groundnut Kharif Well total water footprint 2960.75 category High
Maharashtra,Pune,Banana,Kharif,Drip,2202.68,Medium,Maharashtra Pune Banana Kharif Drip total water footprint 2202.68 category Medium
Maharashtra,Pune,Banana,Kharif,Canal,3177.17,High,Maharashtra Pune Banana Kharif Canal total water footprint 3177.17 category High
Maharashtra,Pune,Banana,Kharif,Rainfed,2351.83,Medium,Maharashtra Pune Banana Kharif Rainfed total water footprint 2351.83 category Medium
Maharashtra,Pune,Banana,Kharif,Well,3514.46,High,Maharashtra Pune Banana Kharif Well total water footprint 3514.46 category High
Maharashtra,Pune,Grapes,Annual,Drip,891.94,Low,Maharashtra Pune Grapes Annual Drip total water footprint 891.94 category Low
Maharashtra,Pune,Grapes,Annual,Canal,1181.92,Medium,Maharashtra Pune Grapes Annual Canal total water footprint 1181.92 category Medium
Maharashtra,Pune,Grapes,Annual,Rainfed,1013.93,Medium,Maharashtra Pune Grapes Annual Rainfed total water footprint 1013.93 category Medium
Maharashtra,Pune,Grapes,Annual,Well,1214.22,Medium,Maharashtra Pune Grapes Annual Well total water footprint 1214.22 category Medium
Maharashtra,Pune,Onions,Annual,Drip,474.97,Low,Maharashtra Pune Onions Annual Drip total water footprint 474.97 category Low
Maharashtra,Pune,Onions,Annual,Canal,665.14,Low,Maharashtra Pune Onions Annual Canal total water footprint 665.14 category Low
Maharashtra,Pune,Onions,Annual,Rainfed,591.03,Low,Maharashtra Pune Onions Annual Rainfed total water footprint 591.03 category Low
Maharashtra,Pune,Onions,Annual,Well,697.54,Low,Maharashtra Pune Onions Annual Well total water footprint 697.54 category Low
Maharashtra,Nagpur,Sugarcane,Kharif,Drip,1811.12,Medium,Maharashtra Nagpur Sugarcane Kharif Drip total water footprint 1811.12 category Medium
Maharashtra,Nagpur,Sugarcane,Kharif,Canal,2544.96,High,Maharashtra Nagpur Sugarcane Kharif Canal total water footprint 2544.96 category High
Maharashtra,Nagpur,Sugarcane,Kharif,Rainfed,2093.13,Medium,Maharashtra Nagpur Sugarcane Kharif Rainfed total water footprint 2093.13 category Medium
Maharashtra,Nagpur,Sugarcane,Kharif,Well,3008.25,High,Maharashtra Nagpur Sugarcane Kharif Well total water footprint 3008.25 category High
Maharashtra,Nagpur,Soybean,Kharif,Drip,964.73,Low,Maharashtra Nagpur Soybean Kharif Drip total water footprint 964.73 category Low
Maharashtra,Nagpur,Soybean,Kharif,Canal,1244.23,Medium,Maharashtra Nagpur Soybean Kharif Canal total water footprint 1244.23 category Medium
Maharashtra,Nagpur,Soybean,Kharif,Rainfed,1156.8,Medium,Maharashtra Nagpur Soybean Kharif Rainfed total water footprint 1156.8 category Medium
Maharashtra,Nagpur,Soybean,Kharif,Well,1417.17,Medium,Maharashtra Nagpur Soybean Kharif Well total water footprint 1417.17 category Medium
Maharashtra,Nagpur,Cotton,Kharif,Drip,1756.13,Medium,Maharashtra Nagpur Cotton Kharif Drip total water footprint 1756.13 category Medium
Maharashtra,Nagpur,Cotton,Kharif,Canal,2730.57,High,Maharashtra Nagpur Cotton Kharif Canal total water footprint 2730.57 category High
Maharashtra,Nagpur,Cotton,Kharif,Rainfed,2083.95,Medium,Maharashtra Nagpur Cotton Kharif Rainfed total water footprint 2083.95 category Medium
Maharashtra,Nagpur,Cotton,Kharif,Well,2895.98,High,Maharashtra Nagpur Cotton Kharif Well total water footprint 2895.98 category High
Maharashtra,Nagpur,Rice,Kharif,Drip,2497.96,Medium,Maharashtra Nagpur Rice Kharif Drip total water footprint 2497.96 category Medium
Maharashtra,Nagpur,Rice,Kharif,Canal,3459.96,High,Maharashtra Nagpur Rice Kharif Canal total water footprint 3459.96 category High
Maharashtra,Nagpur,Rice,Kharif,Rainfed,2425.74,Medium,Maharashtra Nagpur Rice Kharif Rainfed total water footprint 2425.74 category Medium
Maharashtra,Nagpur,Rice,Kharif,Well,3570.27,High,Maharashtra Nagpur Rice Kharif Well total water footprint 3570.27 category High
Maharashtra,Nagpur,Jowar,Rabi,Drip,1152.3,Medium,Maharashtra Nagpur Jowar Rabi Drip total water footprint 1152.3 category Medium
Maharashtra,Nagpur,Jowar,Rabi,Canal,1652.31,Medium,Maharashtra Nagpur Jowar Rabi Canal total water footprint 1652.31 category Medium
Maharashtra,Nagpur,Jowar,Rabi,Rainfed,1352.77,Medium,Maharashtra Nagpur Jowar Rabi Rainfed total water footprint 1352.77 category Medium
Maharashtra,Nagpur,Jowar,Rabi,Well,1934.46,Medium,Maharashtra Nagpur Jowar Rabi Well total water footprint 1934.46 category Medium
Maharashtra,Nagpur,Wheat,Rabi,Drip,1395.31,Medium,Maharashtra Nagpur Wheat Rabi Drip total water footprint 1395.31 category Medium
Maharashtra,Nagpur,Wheat,Rabi,Canal,2384.84,Medium,Maharashtra Nagpur Wheat Rabi Canal total water footprint 2384.84 category Medium
Maharashtra,Nagpur,Wheat,Rabi,Rainfed,1607.77,Medium,Maharashtra Nagpur Wheat Rabi Rainfed total water footprint 1607.77 category Medium
Maharashtra,Nagpur,Wheat,Rabi,Well,2446.31,Medium,Maharashtra Nagpur Wheat Rabi Well total water footprint 2446.31 category Medium
Maharashtra,Nagpur,Tur,Kharif,Drip,626.22,Low,Maharashtra Nagpur Tur Kharif Drip total water footprint 626.22 category Low
Maharashtra,Nagpur,Tur,Kharif,Canal,846.63,Low,Maharashtra Nagpur Tur Kharif Canal total water footprint 846.63 category Low
Maharashtra,Nagpur,Tur,Kharif,Rainfed,634.3,Low,Maharashtra Nagpur Tur Kharif Rainfed total water footprint 634.3 category Low
Maharashtra,Nagpur,Tur,Kharif,Well,1006.92,Medium,Maharashtra Nagpur Tur Kharif Well total water footprint 1006.92 category Medium
Maharashtra,Nagpur,Maize,Kharif,Drip,625.05,Low,Maharashtra Nagpur Maize Kharif Drip total water footprint 625.05 category Low
Maharashtra,Nagpur,Maize,Kharif,Canal,942.64,Low,Maharashtra Nagpur Maize Kharif Canal total water footprint 942.64 category Low
Maharashtra,Nagpur,Maize,Kharif,Rainfed,748.8,Low,Maharashtra Nagpur Maize Kharif Rainfed total water footprint 748.8 category Low
Maharashtra,Nagpur,Maize,Kharif,Well,1046.06,Medium,Maharashtra Nagpur Maize Kharif Well total water footprint 1046.06 category Medium
Maharashtra,Nagpur,Groundnut,Kharif,Drip,1947.88,Medium,Maharashtra Nagpur Groundnut Kharif Drip total water footprint 1947.88 category Medium
Maharashtra,Nagpur,Groundnut,Kharif,Canal,3069.52,High,Maharashtra Nagpur Groundnut Kharif Canal total water footprint 3069.52 category High
Maharashtra,Nagpur,Groundnut,Kharif,Rainfed,2210.03,Medium,Maharashtra Nagpur Groundnut Kharif Rainfed total water footprint 2210.03 category Medium
Maharashtra,Nagpur,Groundnut,Kharif,Well,3348.34,High,Maharashtra Nagpur Groundnut Kharif Well total water footprint 3348.34 category High
Maharashtra,Nagpur,Banana,Kharif,Drip,2417.38,Medium,Maharashtra Nagpur Banana Kharif Drip total water footprint 2417.38 category Medium
Maharashtra,Nagpur,Banana,Kharif,Canal,3341.83,High,Maharashtra Nagpur Banana Kharif Canal total water footprint 3341.83 category High
Maharashtra,Nagpur,Banana,Kharif,Rainfed,2537.06,High,Maharashtra Nagpur Banana Kharif Rainfed total water footprint 2537.06 category High
Maharashtra,Nagpur,Banana,Kharif,Well,3719.66,High,Maharashtra Nagpur Banana Kharif Well total water footprint 3719.66 category High
Maharashtra,Nagpur,Grapes,Annual,Drip,991.5,Low,Maharashtra Nagpur Grapes Annual Drip total water footprint 991.5 category Low
Maharashtra,Nagpur,Grapes,Annual,Canal,1336.99,Medium,Maharashtra Nagpur Grapes Annual Canal total water footprint 1336.99 category Medium
Maharashtra,Nagpur,Grapes,Annual,Rainfed,1004.71,Medium,Maharashtra Nagpur Grapes Annual Rainfed total water footprint 1004.71 category Medium
Maharashtra,Nagpur,Grapes,Annual,Well,1407.19,Medium,Maharashtra Nagpur Grapes Annual Well total water footprint 1407.19 category Medium
Maharashtra,Nagpur,Onions,Annual,Drip,510.24,Low,Maharashtra Nagpur Onions Annual Drip total water footprint 510.24 category Low
Maharashtra,Nagpur,Onions,Annual,Canal,751.43,Low,Maharashtra Nagpur Onions Annual Canal total water footprint 751.43 category Low
Maharashtra,Nagpur,Onions,Annual,Rainfed,643.65,Low,Maharashtra Nagpur Onions Annual Rainfed total water footprint 643.65 category Low
Maharashtra,Nagpur,Onions,Annual,Well,776.81,Low,Maharashtra Nagpur Onions Annual Well total water footprint 776.81 category Low
Maharashtra,Nashik,Sugarcane,Kharif,Drip,1426.2,Medium,Maharashtra Nashik Sugarcane Kharif Drip total water footprint 1426.2 category Medium
Maharashtra,Nashik,Sugarcane,Kharif,Canal,2042.22,Medium,Maharashtra Nashik Sugarcane Kharif Canal total water footprint 2042.22 category Medium
Maharashtra,Nashik,Sugarcane,Kharif,Rainfed,1814.51,Medium,Maharashtra Nashik Sugarcane Kharif Rainfed total water footprint 1814.51 category Medium
Maharashtra,Nashik,Sugarcane,Kharif,Well,2357.08,Medium,Maharashtra Nashik Sugarcane Kharif Well total water footprint 2357.08 category Medium
Maharashtra,Nashik,Soybean,Kharif,Drip,705.66,Low,Maharashtra Nashik Soybean Kharif Drip total water footprint 705.66 category Low
Maharashtra,Nashik,Soybean,Kharif,Canal,1047.91,Medium,Maharashtra Nashik Soybean Kharif Canal total water footprint 1047.91 category Medium
Maharashtra,Nashik,Soybean,Kharif,Rainfed,808.19,Low,Maharashtra Nashik Soybean Kharif Rainfed total water footprint 808.19 category Low
Maharashtra,Nashik,Soybean,Kharif,Well,1124.15,Medium,Maharashtra Nashik Soybean Kharif Well total water footprint 1124.15 category Medium
Maharashtra,Nashik,Cotton,Kharif,Drip,1717.6,Medium,Maharashtra Nashik Cotton Kharif Drip total water footprint 1717.6 category Medium
Maharashtra,Nashik,Cotton,Kharif,Canal,2407.81,Medium,Maharashtra Nashik Cotton Kharif Canal total water footprint 2407.81 category Medium
Maharashtra,Nashik,Cotton,Kharif,Rainfed,1853.73,Medium,Maharashtra Nashik Cotton Kharif Rainfed total water footprint 1853.73 category Medium
Maharashtra,Nashik,Cotton,Kharif,Well,2234.83,Medium,Maharashtra Nashik Cotton Kharif Well total water footprint 2234.83 category Medium
Maharashtra,Nashik,Rice,Kharif,Drip,1814.93,Medium,Maharashtra Nashik Rice Kharif Drip total water footprint 1814.93 category Medium
Maharashtra,Nashik,Rice,Kharif,Canal,2689.67,High,Maharashtra Nashik Rice Kharif Canal total water footprint 2689.67 category High
Maharashtra,Nashik,Rice,Kharif,Rainfed,2351.75,Medium,Maharashtra Nashik Rice Kharif Rainfed total water footprint 2351.75 category Medium
Maharashtra,Nashik,Rice,Kharif,Well,2993.81,High,Maharashtra Nashik Rice Kharif Well total water footprint 2993.81 category High
Maharashtra,Nashik,Jowar,Rabi,Drip,876.6,Low,Maharashtra Nashik Jowar Rabi Drip total water footprint 876.6 category Low
Maharashtra,Nashik,Jowar,Rabi,Canal,1406.1,Medium,Maharashtra Nashik Jowar Rabi Canal total water footprint 1406.1 category Medium
Maharashtra,Nashik,Jowar,Rabi,Rainfed,1143.06,Medium,Maharashtra Nashik Jowar Rabi Rainfed total water footprint 1143.06 category Medium
Maharashtra,Nashik,Jowar,Rabi,Well,1487.53,Medium,Maharashtra Nashik Jowar Rabi Well total water footprint 1487.53 category Medium
Maharashtra,Nashik,Wheat,Rabi,Drip,1201.42,Medium,Maharashtra Nashik Wheat Rabi Drip total water footprint 1201.42 category Medium
Maharashtra,Nashik,Wheat,Rabi,Canal,1942.35,Medium,Maharashtra Nashik Wheat Rabi Canal total water footprint 1942.35 category Medium
Maharashtra,Nashik,Wheat,Rabi,Rainfed,1346.48,Medium,Maharashtra Nashik Wheat Rabi Rainfed total water footprint 1346.48 category Medium
Maharashtra,Nashik,Wheat,Rabi,Well,1868.06,Medium,Maharashtra Nashik Wheat Rabi Well total water footprint 1868.06 category Medium
Maharashtra,Nashik,Tur,Kharif,Drip,513.51,Low,Maharashtra Nashik Tur Kharif Drip total water footprint 513.51 category Low
Maharashtra,Nashik,Tur,Kharif,Canal,756.18,Low,Maharashtra Nashik Tur Kharif Canal total water footprint 756.18 category Low
Maharashtra,Nashik,Tur,Kharif,Rainfed,546.78,Low,Maharashtra Nashik Tur Kharif Rainfed total water footprint 546.78 category Low
Maharashtra,Nashik,Tur,Kharif,Well,854.78,Low,Maharashtra Nashik Tur Kharif Well total water footprint 854.78 category Low
Maharashtra,Nashik,Maize,Kharif,Drip,530.5,Low,Maharashtra Nashik Maize Kharif Drip total water footprint 530.5 category Low
Maharashtra,Nashik,Maize,Kharif,Canal,650.19,Low,Maharashtra Nashik Maize Kharif Canal total water footprint 650.19 category Low
Maharashtra,Nashik,Maize,Kharif,Rainfed,552.09,Low,Maharashtra Nashik Maize Kharif Rainfed total water footprint 552.09 category Low
Maharashtra,Nashik,Maize,Kharif,Well,760.74,Low,Maharashtra Nashik Maize Kharif Well total water footprint 760.74 category Low
Maharashtra,Nashik,Groundnut,Kharif,Drip,1540.97,Medium,Maharashtra Nashik Groundnut Kharif Drip total water footprint 1540.97 category Medium
Maharashtra,Nashik,Groundnut,Kharif,Canal,2386.11,Medium,Maharashtra Nashik Groundnut Kharif Canal total water footprint 2386.11 category Medium
Maharashtra,Nashik,Groundnut,Kharif,Rainfed,1930.91,Medium,Maharashtra Nashik Groundnut Kharif Rainfed total water footprint 1930.91 category Medium
Maharashtra,Nashik,Groundnut,Kharif,Well,2547.21,High,Maharashtra Nashik Groundnut Kharif Well total water footprint 2547.21 category High
Maharashtra,Nashik,Banana,Kharif,Drip,1849.61,Medium,Maharashtra Nashik Banana Kharif Drip total water footprint 1849.61 category Medium
Maharashtra,Nashik,Banana,Kharif,Canal,2731.97,High,Maharashtra Nashik Banana Kharif Canal total water footprint 2731.97 category High
Maharashtra,Nashik,Banana,Kharif,Rainfed,2238.47,Medium,Maharashtra Nashik Banana Kharif Rainfed total water footprint 2238.47 category Medium
Maharashtra,Nashik,Banana,Kharif,Well,2961.67,High,Maharashtra Nashik Banana Kharif Well total water footprint 2961.67 category High
Maharashtra,Nashik,Grapes,Annual,Drip,780.68,Low,Maharashtra Nashik Grapes Annual Drip total water footprint 780.68 category Low
Maharashtra,Nashik,Grapes,Annual,Canal,1020.43,Medium,Maharashtra Nashik Grapes Annual Canal total water footprint 1020.43 category Medium
Maharashtra,Nashik,Grapes,Annual,Rainfed,896.74,Low,Maharashtra Nashik Grapes Annual Rainfed total water footprint 896.74 category Low
Maharashtra,Nashik,Grapes,Annual,Well,1149.98,Medium,Maharashtra Nashik Grapes Annual Well total water footprint 1149.98 category Medium
Maharashtra,Nashik,Onions,Annual,Drip,454.8,Low,Maharashtra Nashik Onions Annual Drip total water footprint 454.8 category Low
Maharashtra,Nashik,Onions,Annual,Canal,625.32,Low,Maharashtra Nashik Onions Annual Canal total water footprint 625.32 category Low
Maharashtra,Nashik,Onions,Annual,Rainfed,509.35,Low,Maharashtra Nashik Onions Annual Rainfed total water footprint 509.35 category Low
Maharashtra,Nashik,Onions,Annual,Well,634.39,Low,Maharashtra Nashik Onions Annual Well total water footprint 634.39 category Low
Maharashtra,Aurangabad,Sugarcane,Kharif,Drip,1746.01,Medium,Maharashtra Aurangabad Sugarcane Kharif Drip total water footprint 1746.01 category Medium
Maharashtra,Aurangabad,Sugarcane,Kharif,Canal,2913.13,High,Maharashtra Aurangabad Sugarcane Kharif Canal total water footprint 2913.13 category High
Maharashtra,Aurangabad,Sugarcane,Kharif,Rainfed,2205.93,Medium,Maharashtra Aurangabad Sugarcane Kharif Rainfed total water footprint 2205.93 category Medium
Maharashtra,Aurangabad,Sugarcane,Kharif,Well,2856.4,High,Maharashtra Aurangabad Sugarcane Kharif Well total water footprint 2856.4 category High
Maharashtra,Aurangabad,Soybean,Kharif,Drip,855.65,Low,Maharashtra Aurangabad Soybean Kharif Drip total water footprint 855.65 category Low
Maharashtra,Aurangabad,Soybean,Kharif,Canal,1407.24,Medium,Maharashtra Aurangabad Soybean Kharif Canal total water footprint 1407.24 category Medium
Maharashtra,Aurangabad,Soybean,Kharif,Rainfed,1033.95,Medium,Maharashtra Aurangabad Soybean Kharif Rainfed total water footprint 1033.95 category Medium
Maharashtra,Aurangabad,Soybean,Kharif,Well,1560.04,Medium,Maharashtra Aurangabad Soybean Kharif Well total water footprint 1560.04 category Medium
Maharashtra,Aurangabad,Cotton,Kharif,Drip,1741.79,Medium,Maharashtra Aurangabad Cotton Kharif Drip total water footprint 1741.79 category Medium
Maharashtra,Aurangabad,Cotton,Kharif,Canal,2765.65,High,Maharashtra Aurangabad Cotton Kharif Canal total water footprint 2765.65 category High
Maharashtra,Aurangabad,Cotton,Kharif,Rainfed,2066.77,Medium,Maharashtra Aurangabad Cotton Kharif Rainfed total water footprint 2066.77 category Medium
Maharashtra,Aurangabad,Cotton,Kharif,Well,2967.03,High,Maharashtra Aurangabad Cotton Kharif Well total water footprint 2967.03 category High
Maharashtra,Aurangabad,Rice,Kharif,Drip,2318.56,Medium,Maharashtra Aurangabad Rice Kharif Drip total water footprint 2318.56 category Medium
Maharashtra,Aurangabad,Rice,Kharif,Canal,3356.59,High,Maharashtra Aurangabad Rice Kharif Canal total water footprint 3356.59 category High
Maharashtra,Aurangabad,Rice,Kharif,Rainfed,2510.15,High,Maharashtra Aurangabad Rice Kharif Rainfed total water footprint 2510.15 category High
Maharashtra,Aurangabad,Rice,Kharif,Well,3540.42,High,Maharashtra Aurangabad Rice Kharif Well total water footprint 3540.42 category High
Maharashtra,Aurangabad,Jowar,Rabi,Drip,1147.56,Medium,Maharashtra Aurangabad Jowar Rabi Drip total water footprint 1147.56 category Medium
Maharashtra,Aurangabad,Jowar,Rabi,Canal,1753.46,Medium,Maharashtra Aurangabad Jowar Rabi Canal total water footprint 1753.46 category Medium
Maharashtra,Aurangabad,Jowar,Rabi,Rainfed,1437.49,Medium,Maharashtra Aurangabad Jowar Rabi Rainfed total water footprint 1437.49 category Medium
Maharashtra,Aurangabad,Jowar,Rabi,Well,1644.34,Medium,Maharashtra Aurangabad Jowar Rabi Well total water footprint 1644.34 category Medium
Maharashtra,Aurangabad,Wheat,Rabi,Drip,1388.66,Medium,Maharashtra Aurangabad Wheat Rabi Drip total water footprint 1388.66 category Medium
Maharashtra,Aurangabad,Wheat,Rabi,Canal,2248.39,Medium,Maharashtra Aurangabad Wheat Rabi Canal total water footprint 2248.39 category Medium
Maharashtra,Aurangabad,Wheat,Rabi,Rainfed,1625.25,Medium,Maharashtra Aurangabad Wheat Rabi Rainfed total water footprint 1625.25 category Medium
Maharashtra,Aurangabad,Wheat,Rabi,Well,2586.49,High,Maharashtra Aurangabad Wheat Rabi Well total water footprint 2586.49 category High
Maharashtra,Aurangabad,Tur,Kharif,Drip,649.64,Low,Maharashtra Aurangabad Tur Kharif Drip total water footprint 649.64 category Low
Maharashtra,Aurangabad,Tur,Kharif,Canal,820.59,Low,Maharashtra Aurangabad Tur Kharif Canal total water footprint 820.59 category Low
Maharashtra,Aurangabad,Tur,Kharif,Rainfed,670.71,Low,Maharashtra Aurangabad Tur Kharif Rainfed total water footprint 670.71 category Low
Maharashtra,Aurangabad,Tur,Kharif,Well,1005.35,Medium,Maharashtra Aurangabad Tur Kharif Well total water footprint 1005.35 category Medium
Maharashtra,Aurangabad,Maize,Kharif,Drip,609.09,Low,Maharashtra Aurangabad Maize Kharif Drip total water footprint 609.09 category Low
Maharashtra,Aurangabad,Maize,Kharif,Canal,965.17,Low,Maharashtra Aurangabad Maize Kharif Canal total water footprint 965.17 category Low
Maharashtra,Aurangabad,Maize,Kharif,Rainfed,709.1,Low,Maharashtra Aurangabad Maize Kharif Rainfed total water footprint 709.1 category Low
Maharashtra,Aurangabad,Maize,Kharif,Well,1046.32,Medium,Maharashtra Aurangabad Maize Kharif Well total water footprint 1046.32 category Medium
Maharashtra,Aurangabad,Groundnut,Kharif,Drip,1833.8,Medium,Maharashtra Aurangabad Groundnut Kharif Drip total water footprint 1833.8 category Medium
Maharashtra,Aurangabad,Groundnut,Kharif,Canal,2724.63,High,Maharashtra Aurangabad Groundnut Kharif Canal total water footprint 2724.63 category High
Maharashtra,Aurangabad,Groundnut,Kharif,Rainfed,2462.73,Medium,Maharashtra Aurangabad Groundnut Kharif Rainfed total water footprint 2462.73 category Medium
Maharashtra,Aurangabad,Groundnut,Kharif,Well,2900.16,High,Maharashtra Aurangabad Groundnut Kharif Well total water footprint 2900.16 category High
Maharashtra,Aurangabad,Banana,Kharif,Drip,2449.34,Medium,Maharashtra Aurangabad Banana Kharif Drip total water footprint 2449.34 category Medium
Maharashtra,Aurangabad,Banana,Kharif,Canal,3399.32,High,Maharashtra Aurangabad Banana Kharif Canal total water footprint 3399.32 category High
Maharashtra,Aurangabad,Banana,Kharif,Rainfed,2570.26,High,Maharashtra Aurangabad Banana Kharif Rainfed total water footprint 2570.26 category High
Maharashtra,Aurangabad,Banana,Kharif,Well,3587.26,High,Maharashtra Aurangabad Banana Kharif Well total water footprint 3587.26 category High
Maharashtra,Aurangabad,Grapes,Annual,Drip,1009.13,Medium,Maharashtra Aurangabad Grapes Annual Drip total water footprint 1009.13 category Medium
Maharashtra,Aurangabad,Grapes,Annual,Canal,1356.42,Medium,Maharashtra Aurangabad Grapes Annual Canal total water footprint 1356.42 category Medium
Maharashtra,Aurangabad,Grapes,Annual,Rainfed,956.46,Low,Maharashtra Aurangabad Grapes Annual Rainfed total water footprint 956.46 category Low
Maharashtra,Aurangabad,Grapes,Annual,Well,1332.87,Medium,Maharashtra Aurangabad Grapes Annual Well total water footprint 1332.87 category Medium
Maharashtra,Aurangabad,Onions,Annual,Drip,485.65,Low,Maharashtra Aurangabad Onions Annual Drip total water footprint 485.65 category Low
Maharashtra,Aurangabad,Onions,Annual,Canal,693.9,Low,Maharashtra Aurangabad Onions Annual Canal total water footprint 693.9 category Low
Maharashtra,Aurangabad,Onions,Annual,Rainfed,659.27,Low,Maharashtra Aurangabad Onions Annual Rainfed total water footprint 659.27 category Low
Maharashtra,Aurangabad,Onions,Annual,Well,860.55,Low,Maharashtra Aurangabad Onions Annual Well total water footprint 860.55 category Low
Maharashtra,Solapur,Sugarcane,Kharif,Drip,2033.39,Medium,Maharashtra Solapur Sugarcane Kharif Drip total water footprint 2033.39 category Medium
Maharashtra,Solapur,Sugarcane,Kharif,Canal,2805.18,High,Maharashtra Solapur Sugarcane Kharif Canal total water footprint 2805.18 category High
Maharashtra,Solapur,Sugarcane,Kharif,Rainfed,2228.94,Medium,Maharashtra Solapur Sugarcane Kharif Rainfed total water footprint 2228.94 category Medium
Maharashtra,Solapur,Sugarcane,Kharif,Well,3256.27,High,Maharashtra Solapur Sugarcane Kharif Well total water footprint 3256.27 category High
Maharashtra,Solapur,Soybean,Kharif,Drip,1092.36,Medium,Maharashtra Solapur Soybean Kharif Drip total water footprint 1092.36 category Medium
Maharashtra,Solapur,Soybean,Kharif,Canal,1473.71,Medium,Maharashtra Solapur Soybean Kharif Canal total water footprint 1473.71 category Medium
Maharashtra,Solapur,Soybean,Kharif,Rainfed,1083.51,Medium,Maharashtra Solapur Soybean Kharif Rainfed total water footprint 1083.51 category Medium
Maharashtra,Solapur,Soybean,Kharif,Well,1471.8,Medium,Maharashtra Solapur Soybean Kharif Well total water footprint 1471.8 category Medium
Maharashtra,Solapur,Cotton,Kharif,Drip,2186.51,Medium,Maharashtra Solapur Cotton Kharif Drip total water footprint 2186.51 category Medium
Maharashtra,Solapur,Cotton,Kharif,Canal,3240.15,High,Maharashtra Solapur Cotton Kharif Canal total water footprint 3240.15 category High
Maharashtra,Solapur,Cotton,Kharif,Rainfed,2327.66,Medium,Maharashtra Solapur Cotton Kharif Rainfed total water footprint 2327.66 category Medium
Maharashtra,Solapur,Cotton,Kharif,Well,3087.24,High,Maharashtra Solapur Cotton Kharif Well total water footprint 3087.24 category High
Maharashtra,Solapur,Rice,Kharif,Drip,2369.22,Medium,Maharashtra Solapur Rice Kharif Drip total water footprint 2369.22 category Medium
Maharashtra,Solapur,Rice,Kharif,Canal,3686.74,High,Maharashtra Solapur Rice Kharif Canal total water footprint 3686.74 category High
Maharashtra,Solapur,Rice,Kharif,Rainfed,2789.66,High,Maharashtra Solapur Rice Kharif Rainfed total water footprint 2789.66 category High
Maharashtra,Solapur,Rice,Kharif,Well,3778.77,High,Maharashtra Solapur Rice Kharif Well total water footprint 3778.77 category High
Maharashtra,Solapur,Jowar,Rabi,Drip,1311.97,Medium,Maharashtra Solapur Jowar Rabi Drip total water footprint 1311.97 category Medium
Maharashtra,Solapur,Jowar,Rabi,Canal,1774.44,Medium,Maharashtra Solapur Jowar Rabi Canal total water footprint 1774.44 category Medium
Maharashtra,Solapur,Jowar,Rabi,Rainfed,1495.33,Medium,Maharashtra Solapur Jowar Rabi Rainfed total water footprint 1495.33 category Medium
Maharashtra,Solapur,Jowar,Rabi,Well,1881.78,Medium,Maharashtra Solapur Jowar Rabi Well total water footprint 1881.78 category Medium
Maharashtra,Solapur,Wheat,Rabi,Drip,1694.41,Medium,Maharashtra Solapur Wheat Rabi Drip total water footprint 1694.41 category Medium
Maharashtra,Solapur,Wheat,Rabi,Canal,2636.49,High,Maharashtra Solapur Wheat Rabi Canal total water footprint 2636.49 category High
Maharashtra,Solapur,Wheat,Rabi,Rainfed,1889.03,Medium,Maharashtra Solapur Wheat Rabi Rainfed total water footprint 1889.03 category Medium
Maharashtra,Solapur,Wheat,Rabi,Well,2877.74,High,Maharashtra Solapur Wheat Rabi Well total water footprint 2877.74 category High
Maharashtra,Solapur,Tur,Kharif,Drip,697.15,Low,Maharashtra Solapur Tur Kharif Drip total water footprint 697.15 category Low
Maharashtra,Solapur,Tur,Kharif,Canal,1004.02,Medium,Maharashtra Solapur Tur Kharif Canal total water footprint 1004.02 category Medium
Maharashtra,Solapur,Tur,Kharif,Rainfed,829.15,Low,Maharashtra Solapur Tur Kharif Rainfed total water footprint 829.15 category Low
Maharashtra,Solapur,Tur,Kharif,Well,989.39,Low,Maharashtra Solapur Tur Kharif Well total water footprint 989.39 category Low
Maharashtra,Solapur,Maize,Kharif,Drip,699.87,Low,Maharashtra Solapur Maize Kharif Drip total water footprint 699.87 category Low
Maharashtra,Solapur,Maize,Kharif,Canal,1042.97,Medium,Maharashtra Solapur Maize Kharif Canal total water footprint 1042.97 category Medium
Maharashtra,Solapur,Maize,Kharif,Rainfed,838.21,Low,Maharashtra Solapur Maize Kharif Rainfed total water footprint 838.21 category Low
Maharashtra,Solapur,Maize,Kharif,Well,1156.06,Medium,Maharashtra Solapur Maize Kharif Well total water footprint 1156.06 category Medium
Maharashtra,Solapur,Groundnut,Kharif,Drip,2242.34,Medium,Maharashtra Solapur Groundnut Kharif Drip total water footprint 2242.34 category Medium
Maharashtra,Solapur,Groundnut,Kharif,Canal,3134.42,High,Maharashtra Solapur Groundnut Kharif Canal total water footprint 3134.42 category High
Maharashtra,Solapur,Groundnut,Kharif,Rainfed,2349.1,Medium,Maharashtra Solapur Groundnut Kharif Rainfed total water footprint 2349.1 category Medium
Maharashtra,Solapur,Groundnut,Kharif,Well,3453.04,High,Maharashtra Solapur Groundnut Kharif Well total water footprint 3453.04 category High
Maharashtra,Solapur,Banana,Kharif,Drip,2593.53,High,Maharashtra Solapur Banana Kharif Drip total water footprint 2593.53 category High
Maharashtra,Solapur,Banana,Kharif,Canal,3282.0,High,Maharashtra Solapur Banana Kharif Canal total water footprint 3282.0 category High
Maharashtra,Solapur,Banana,Kharif,Rainfed,2663.68,High,Maharashtra Solapur Banana Kharif Rainfed total water footprint 2663.68 category High
Maharashtra,Solapur,Banana,Kharif,Well,4210.84,High,Maharashtra Solapur Banana Kharif Well total water footprint 4210.84 category High
Maharashtra,Solapur,Grapes,Annual,Drip,1060.6,Medium,Maharashtra Solapur Grapes Annual Drip total water footprint 1060.6 category Medium
Maharashtra,Solapur,Grapes,Annual,Canal,1457.87,Medium,Maharashtra Solapur Grapes Annual Canal total water footprint 1457.87 category Medium
Maharashtra,Solapur,Grapes,Annual,Rainfed,1261.87,Medium,Maharashtra Solapur Grapes Annual Rainfed total water footprint 1261.87 category Medium
Maharashtra,Solapur,Grapes,Annual,Well,1462.96,Medium,Maharashtra Solapur Grapes Annual Well total water footprint 1462.96 category Medium
Maharashtra,Solapur,Onions,Annual,Drip,602.11,Low,Maharashtra Solapur Onions Annual Drip total water footprint 602.11 category Low
Maharashtra,Solapur,Onions,Annual,Canal,907.68,Low,Maharashtra Solapur Onions Annual Canal total water footprint 907.68 category Low
Maharashtra,Solapur,Onions,Annual,Rainfed,672.36,Low,Maharashtra Solapur Onions Annual Rainfed total water footprint 672.36 category Low
Maharashtra,Solapur,Onions,Annual,Well,1012.2,Medium,Maharashtra Solapur Onions Annual Well total water footprint 1012.2 category Medium
Maharashtra,Ratnagiri,Sugarcane,Kharif,Drip,1443.67,Medium,Maharashtra Ratnagiri Sugarcane Kharif Drip total water footprint 1443.67 category Medium
Maharashtra,Ratnagiri,Sugarcane,Kharif,Canal,2089.24,Medium,Maharashtra Ratnagiri Sugarcane Kharif Canal total water footprint 2089.24 category Medium
Maharashtra,Ratnagiri,Sugarcane,Kharif,Rainfed,1847.13,Medium,Maharashtra Ratnagiri Sugarcane Kharif Rainfed total water footprint 1847.13 category Medium
Maharashtra,Ratnagiri,Sugarcane,Kharif,Well,2205.67,Medium,Maharashtra Ratnagiri Sugarcane Kharif Well total water footprint 2205.67 category Medium
Maharashtra,Ratnagiri,Soybean,Kharif,Drip,670.43,Low,Maharashtra Ratnagiri Soybean Kharif Drip total water footprint 670.43 category Low
Maharashtra,Ratnagiri,Soybean,Kharif,Canal,1023.75,Medium,Maharashtra Ratnagiri Soybean Kharif Canal total water footprint 1023.75 category Medium
Maharashtra,Ratnagiri,Soybean,Kharif,Rainfed,836.62,Low,Maharashtra Ratnagiri Soybean Kharif Rainfed total water footprint 836.62 category Low
Maharashtra,Ratnagiri,Soybean,Kharif,Well,1165.65,Medium,Maharashtra Ratnagiri Soybean Kharif Well total water footprint 1165.65 category Medium
Maharashtra,Ratnagiri,Cotton,Kharif,Drip,1583.63,Medium,Maharashtra Ratnagiri Cotton Kharif Drip total water footprint 1583.63 category Medium
Maharashtra,Ratnagiri,Cotton,Kharif,Canal,2243.95,Medium,Maharashtra Ratnagiri Cotton Kharif Canal total water footprint 2243.95 category Medium
Maharashtra,Ratnagiri,Cotton,Kharif,Rainfed,1674.55,Medium,Maharashtra Ratnagiri Cotton Kharif Rainfed total water footprint 1674.55 category Medium
Maharashtra,Ratnagiri,Cotton,Kharif,Well,2111.32,Medium,Maharashtra Ratnagiri Cotton Kharif Well total water footprint 2111.32 category Medium
Maharashtra,Ratnagiri,Rice,Kharif,Drip,1838.12,Medium,Maharashtra Ratnagiri Rice Kharif Drip total water footprint 1838.12 category Medium
Maharashtra,Ratnagiri,Rice,Kharif,Canal,2327.06,Medium,Maharashtra Ratnagiri Rice Kharif Canal total water footprint 2327.06 category Medium
Maharashtra,Ratnagiri,Rice,Kharif,Rainfed,1906.55,Medium,Maharashtra Ratnagiri Rice Kharif Rainfed total water footprint 1906.55 category Medium
Maharashtra,Ratnagiri,Rice,Kharif,Well,3081.91,High,Maharashtra Ratnagiri Rice Kharif Well total water footprint 3081.91 category High
Maharashtra,Ratnagiri,Jowar,Rabi,Drip,937.99,Low,Maharashtra Ratnagiri Jowar Rabi Drip total water footprint 937.99 category Low
Maharashtra,Ratnagiri,Jowar,Rabi,Canal,1279.43,Medium,Maharashtra Ratnagiri Jowar Rabi Canal total water footprint 1279.43 category Medium
Maharashtra,Ratnagiri,Jowar,Rabi,Rainfed,962.86,Low,Maharashtra Ratnagiri Jowar Rabi Rainfed total water footprint 962.86 category Low
Maharashtra,Ratnagiri,Jowar,Rabi,Well,1436.73,Medium,Maharashtra Ratnagiri Jowar Rabi Well total water footprint 1436.73 category Medium
Maharashtra,Ratnagiri,Wheat,Rabi,Drip,1198.27,Medium,Maharashtra Ratnagiri Wheat Rabi Drip total water footprint 1198.27 category Medium
Maharashtra,Ratnagiri,Wheat,Rabi,Canal,1730.84,Medium,Maharashtra Ratnagiri Wheat Rabi Canal total water footprint 1730.84 category Medium
Maharashtra,Ratnagiri,Wheat,Rabi,Rainfed,1402.82,Medium,Maharashtra Ratnagiri Wheat Rabi Rainfed total water footprint 1402.82 category Medium
Maharashtra,Ratnagiri,Wheat,Rabi,Well,1955.55,Medium,Maharashtra Ratnagiri Wheat Rabi Well total water footprint 1955.55 category Medium
Maharashtra,Ratnagiri,Tur,Kharif,Drip,462.43,Low,Maharashtra Ratnagiri Tur Kharif Drip total water footprint 462.43 category Low
Maharashtra,Ratnagiri,Tur,Kharif,Canal,704.86,Low,Maharashtra Ratnagiri Tur Kharif Canal total water footprint 704.86 category Low
Maharashtra,Ratnagiri,Tur,Kharif,Rainfed,509.71,Low,Maharashtra Ratnagiri Tur Kharif Rainfed total water footprint 509.71 category Low
Maharashtra,Ratnagiri,Tur,Kharif,Well,719.15,Low,Maharashtra Ratnagiri Tur Kharif Well total water footprint 719.15 category Low
Maharashtra,Ratnagiri,Maize,Kharif,Drip,481.51,Low,Maharashtra Ratnagiri Maize Kharif Drip total water footprint 481.51 category Low
Maharashtra,Ratnagiri,Maize,Kharif,Canal,651.19,Low,Maharashtra Ratnagiri Maize Kharif Canal total water footprint 651.19 category Low
Maharashtra,Ratnagiri,Maize,Kharif,Rainfed,566.84,Low,Maharashtra Ratnagiri Maize Kharif Rainfed total water footprint 566.84 category Low
Maharashtra,Ratnagiri,Maize,Kharif,Well,698.6,Low,Maharashtra Ratnagiri Maize Kharif Well total water footprint 698.6 category Low
Maharashtra,Ratnagiri,Groundnut,Kharif,Drip,1447.33,Medium,Maharashtra Ratnagiri Groundnut Kharif Drip total water footprint 1447.33 category Medium
Maharashtra,Ratnagiri,Groundnut,Kharif,Canal,2052.39,Medium,Maharashtra Ratnagiri Groundnut Kharif Canal total water footprint 2052.39 category Medium
Maharashtra,Ratnagiri,Groundnut,Kharif,Rainfed,1611.0,Medium,Maharashtra Ratnagiri Groundnut Kharif Rainfed total water footprint 1611.0 category Medium
Maharashtra,Ratnagiri,Groundnut,Kharif,Well,2459.11,Medium,Maharashtra Ratnagiri Groundnut Kharif Well total water footprint 2459.11 category Medium
Maharashtra,Ratnagiri,Banana,Kharif,Drip,1785.82,Medium,Maharashtra Ratnagiri Banana Kharif Drip total water footprint 1785.82 category Medium
Maharashtra,Ratnagiri,Banana,Kharif,Canal,2728.01,High,Maharashtra Ratnagiri Banana Kharif Canal total water footprint 2728.01 category High
Maharashtra,Ratnagiri,Banana,Kharif,Rainfed,1996.1,Medium,Maharashtra Ratnagiri Banana Kharif Rainfed total water footprint 1996.1 category Medium
Maharashtra,Ratnagiri,Banana,Kharif,Well,2735.52,High,Maharashtra Ratnagiri Banana Kharif Well total water footprint 2735.52 category High
Maharashtra,Ratnagiri,Grapes,Annual,Drip,782.54,Low,Maharashtra Ratnagiri Grapes Annual Drip total water footprint 782.54 category Low
Maharashtra,Ratnagiri,Grapes,Annual,Canal,1054.68,Medium,Maharashtra Ratnagiri Grapes Annual Canal total water footprint 1054.68 category Medium
Maharashtra,Ratnagiri,Grapes,Annual,Rainfed,831.2,Low,Maharashtra Ratnagiri Grapes Annual Rainfed total water footprint 831.2 category Low
Maharashtra,Ratnagiri,Grapes,Annual,Well,1229.12,Medium,Maharashtra Ratnagiri Grapes Annual Well total water footprint 1229.12 category Medium
Maharashtra,Ratnagiri,Onions,Annual,Drip,447.65,Low,Maharashtra Ratnagiri Onions Annual Drip total water footprint 447.65 category Low
Maharashtra,Ratnagiri,Onions,Annual,Canal,653.32,Low,Maharashtra Ratnagiri Onions Annual Canal total water footprint 653.32 category Low
Maharashtra,Ratnagiri,Onions,Annual,Rainfed,487.31,Low,Maharashtra Ratnagiri Onions Annual Rainfed total water footprint 487.31 category Low
Maharashtra,Ratnagiri,Onions,Annual,Well,646.29,Low,Maharashtra Ratnagiri Onions Annual Well total water footprint 646.29 category Low
Maharashtra,Raigad,Sugarcane,Kharif,Drip,1626.99,Medium,Maharashtra Raigad Sugarcane Kharif Drip total water footprint 1626.99 category Medium
Maharashtra,Raigad,Sugarcane,Kharif,Canal,2348.1,Medium,Maharashtra Raigad Sugarcane Kharif Canal total water footprint 2348.1 category Medium
Maharashtra,Raigad,Sugarcane,Kharif,Rainfed,1714.35,Medium,Maharashtra Raigad Sugarcane Kharif Rainfed total water footprint 1714.35 category Medium
Maharashtra,Raigad,Sugarcane,Kharif,Well,2549.93,High,Maharashtra Raigad Sugarcane Kharif Well total water footprint 2549.93 category High
Maharashtra,Raigad,Soybean,Kharif,Drip,749.83,Low,Maharashtra Raigad Soybean Kharif Drip total water footprint 749.83 category Low
Maharashtra,Raigad,Soybean,Kharif,Canal,1107.17,Medium,Maharashtra Raigad Soybean Kharif Canal total water footprint 1107.17 category Medium
Maharashtra,Raigad,Soybean,Kharif,Rainfed,795.14,Low,Maharashtra Raigad Soybean Kharif Rainfed total water footprint 795.14 category Low
Maharashtra,Raigad,Soybean,Kharif,Well,1264.08,Medium,Maharashtra Raigad Soybean Kharif Well total water footprint 1264.08 category Medium
Maharashtra,Raigad,Cotton,Kharif,Drip,1465.68,Medium,Maharashtra Raigad Cotton Kharif Drip total water footprint 1465.68 category Medium
Maharashtra,Raigad,Cotton,Kharif,Canal,2109.95,Medium,Maharashtra Raigad Cotton Kharif Canal total water footprint 2109.95 category Medium
Maharashtra,Raigad,Cotton,Kharif,Rainfed,1867.2,Medium,Maharashtra Raigad Cotton Kharif Rainfed total water footprint 1867.2 category Medium
Maharashtra,Raigad,Cotton,Kharif,Well,2416.28,Medium,Maharashtra Raigad Cotton Kharif Well total water footprint 2416.28 category Medium
Maharashtra,Raigad,Rice,Kharif,Drip,2014.65,Medium,Maharashtra Raigad Rice Kharif Drip total water footprint 2014.65 category Medium
Maharashtra,Raigad,Rice,Kharif,Canal,2437.08,Medium,Maharashtra Raigad Rice Kharif Canal total water footprint 2437.08 category Medium
Maharashtra,Raigad,Rice,Kharif,Rainfed,2245.53,Medium,Maharashtra Raigad Rice Kharif Rainfed total water footprint 2245.53 category Medium
Maharashtra,Raigad,Rice,Kharif,Well,3234.14,High,Maharashtra Raigad Rice Kharif Well total water footprint 3234.14 category High
Maharashtra,Raigad,Jowar,Rabi,Drip,927.35,Low,Maharashtra Raigad Jowar Rabi Drip total water footprint 927.35 category Low
Maharashtra,Raigad,Jowar,Rabi,Canal,1327.03,Medium,Maharashtra Raigad Jowar Rabi Canal total water footprint 1327.03 category Medium
Maharashtra,Raigad,Jowar,Rabi,Rainfed,1097.51,Medium,Maharashtra Raigad Jowar Rabi Rainfed total water footprint 1097.51 category Medium
Maharashtra,Raigad,Jowar,Rabi,Well,1447.18,Medium,Maharashtra Raigad Jowar Rabi Well total water footprint 1447.18 category Medium
Maharashtra,Raigad,Wheat,Rabi,Drip,1235.81,Medium,Maharashtra Raigad Wheat Rabi Drip total water footprint 1235.81 category Medium
Maharashtra,Raigad,Wheat,Rabi,Canal,1890.79,Medium,Maharashtra Raigad Wheat Rabi Canal total water footprint 1890.79 category Medium
Maharashtra,Raigad,Wheat,Rabi,Rainfed,1446.87,Medium,Maharashtra Raigad Wheat Rabi Rainfed total water footprint 1446.87 category Medium
Maharashtra,Raigad,Wheat,Rabi,Well,1966.92,Medium,Maharashtra Raigad Wheat Rabi Well total water footprint 1966.92 category Medium
Maharashtra,Raigad,Tur,Kharif,Drip,550.07,Low,Maharashtra Raigad Tur Kharif Drip total water footprint 550.07 category Low
Maharashtra,Raigad,Tur,Kharif,Canal,766.04,Low,Maharashtra Raigad Tur Kharif Canal total water footprint 766.04 category Low
Maharashtra,Raigad,Tur,Kharif,Rainfed,558.02,Low,Maharashtra Raigad Tur Kharif Rainfed total water footprint 558.02 category Low
Maharashtra,Raigad,Tur,Kharif,Well,803.64,Low,Maharashtra Raigad Tur Kharif Well total water footprint 803.64 category Low
Maharashtra,Raigad,Maize,Kharif,Drip,520.12,Low,Maharashtra Raigad Maize Kharif Drip total water footprint 520.12 category Low
Maharashtra,Raigad,Maize,Kharif,Canal,739.45,Low,Maharashtra Raigad Maize Kharif Canal total water footprint 739.45 category Low
Maharashtra,Raigad,Maize,Kharif,Rainfed,574.67,Low,Maharashtra Raigad Maize Kharif Rainfed total water footprint 574.67 category Low
Maharashtra,Raigad,Maize,Kharif,Well,732.87,Low,Maharashtra Raigad Maize Kharif Well total water footprint 732.87 category Low
Maharashtra,Raigad,Groundnut,Kharif,Drip,1537.43,Medium,Maharashtra Raigad Groundnut Kharif Drip total water footprint 1537.43 category Medium
Maharashtra,Raigad,Groundnut,Kharif,Canal,2300.46,Medium,Maharashtra Raigad Groundnut Kharif Canal total water footprint 2300.46 category Medium
Maharashtra,Raigad,Groundnut,Kharif,Rainfed,1788.24,Medium,Maharashtra Raigad Groundnut Kharif Rainfed total water footprint 1788.24 category Medium
Maharashtra,Raigad,Groundnut,Kharif,Well,2724.42,High,Maharashtra Raigad Groundnut Kharif Well total water footprint 2724.42 category High
Maharashtra,Raigad,Banana,Kharif,Drip,1823.7,Medium,Maharashtra Raigad Banana Kharif Drip total water footprint 1823.7 category Medium
Maharashtra,Raigad,Banana,Kharif,Canal,2562.91,High,Maharashtra Raigad Banana Kharif Canal total water footprint 2562.91 category High
Maharashtra,Raigad,Banana,Kharif,Rainfed,2130.2,Medium,Maharashtra Raigad Banana Kharif Rainfed total water footprint 2130.2 category Medium
Maharashtra,Raigad,Banana,Kharif,Well,2736.81,High,Maharashtra Raigad Banana Kharif Well total water footprint 2736.81 category High
Maharashtra,Raigad,Grapes,Annual,Drip,735.76,Low,Maharashtra Raigad Grapes Annual Drip total water footprint 735.76 category Low
Maharashtra,Raigad,Grapes,Annual,Canal,1066.77,Medium,Maharashtra Raigad Grapes Annual Canal total water footprint 1066.77 category Medium
Maharashtra,Raigad,Grapes,Annual,Rainfed,883.53,Low,Maharashtra Raigad Grapes Annual Rainfed total water footprint 883.53 category Low
Maharashtra,Raigad,Grapes,Annual,Well,1304.15,Medium,Maharashtra Raigad Grapes Annual Well total water footprint 1304.15 category Medium
Maharashtra,Raigad,Onions,Annual,Drip,482.03,Low,Maharashtra Raigad Onions Annual Drip total water footprint 482.03 category Low
Maharashtra,Raigad,Onions,Annual,Canal,617.62,Low,Maharashtra Raigad Onions Annual Canal total water footprint 617.62 category Low
Maharashtra,Raigad,Onions,Annual,Rainfed,551.49,Low,Maharashtra Raigad Onions Annual Rainfed total water footprint 551.49 category Low
Maharashtra,Raigad,Onions,Annual,Well,688.67,Low,Maharashtra Raigad Onions Annual Well total water footprint 688.67 category Low
Maharashtra,Thane,Sugarcane,Kharif,Drip,1426.96,Medium,Maharashtra Thane Sugarcane Kharif Drip total water footprint 1426.96 category Medium
Maharashtra,Thane,Sugarcane,Kharif,Canal,2213.01,Medium,Maharashtra Thane Sugarcane Kharif Canal total water footprint 2213.01 category Medium
Maharashtra,Thane,Sugarcane,Kharif,Rainfed,1679.57,Medium,Maharashtra Thane Sugarcane Kharif Rainfed total water footprint 1679.57 category Medium
Maharashtra,Thane,Sugarcane,Kharif,Well,2280.71,Medium,Maharashtra Thane Sugarcane Kharif Well total water footprint 2280.71 category Medium
Maharashtra,Thane,Soybean,Kharif,Drip,764.62,Low,Maharashtra Thane Soybean Kharif Drip total water footprint 764.62 category Low
Maharashtra,Thane,Soybean,Kharif,Canal,1125.68,Medium,Maharashtra Thane Soybean Kharif Canal total water footprint 1125.68 category Medium
Maharashtra,Thane,Soybean,Kharif,Rainfed,944.93,Low,Maharashtra Thane Soybean Kharif Rainfed total water footprint 944.93 category Low
Maharashtra,Thane,Soybean,Kharif,Well,1129.55,Medium,Maharashtra Thane Soybean Kharif Well total water footprint 1129.55 category Medium
Maharashtra,Thane,Cotton,Kharif,Drip,1591.49,Medium,Maharashtra Thane Cotton Kharif Drip total water footprint 1591.49 category Medium
Maharashtra,Thane,Cotton,Kharif,Canal,2408.06,Medium,Maharashtra Thane Cotton Kharif Canal total water footprint 2408.06 category Medium
Maharashtra,Thane,Cotton,Kharif,Rainfed,1953.29,Medium,Maharashtra Thane Cotton Kharif Rainfed total water footprint 1953.29 category Medium
Maharashtra,Thane,Cotton,Kharif,Well,2355.2,Medium,Maharashtra Thane Cotton Kharif Well total water footprint 2355.2 category Medium
Maharashtra,Thane,Rice,Kharif,Drip,1755.37,Medium,Maharashtra Thane Rice Kharif Drip total water footprint 1755.37 category Medium
Maharashtra,Thane,Rice,Kharif,Canal,2924.27,High,Maharashtra Thane Rice Kharif Canal total water footprint 2924.27 category High
Maharashtra,Thane,Rice,Kharif,Rainfed,2191.05,Medium,Maharashtra Thane Rice Kharif Rainfed total water footprint 2191.05 category Medium
Maharashtra,Thane,Rice,Kharif,Well,3234.23,High,Maharashtra Thane Rice Kharif Well total water footprint 3234.23 category High
Maharashtra,Thane,Jowar,Rabi,Drip,1019.36,Medium,Maharashtra Thane Jowar Rabi Drip total water footprint 1019.36 category Medium
Maharashtra,Thane,Jowar,Rabi,Canal,1321.61,Medium,Maharashtra Thane Jowar Rabi Canal total water footprint 1321.61 category Medium
Maharashtra,Thane,Jowar,Rabi,Rainfed,1131.56,Medium,Maharashtra Thane Jowar Rabi Rainfed total water footprint 1131.56 category Medium
Maharashtra,Thane,Jowar,Rabi,Well,1386.45,Medium,Maharashtra Thane Jowar Rabi Well total water footprint 1386.45 category Medium
Maharashtra,Thane,Wheat,Rabi,Drip,1284.69,Medium,Maharashtra Thane Wheat Rabi Drip total water footprint 1284.69 category Medium
Maharashtra,Thane,Wheat,Rabi,Canal,1648.75,Medium,Maharashtra Thane Wheat Rabi Canal total water footprint 1648.75 category Medium
Maharashtra,Thane,Wheat,Rabi,Rainfed,1363.1,Medium,Maharashtra Thane Wheat Rabi Rainfed total water footprint 1363.1 category Medium
Maharashtra,Thane,Wheat,Rabi,Well,2086.8,Medium,Maharashtra Thane Wheat Rabi Well total water footprint 2086.8 category Medium
Maharashtra,Thane,Tur,Kharif,Drip,539.07,Low,Maharashtra Thane Tur Kharif Drip total water footprint 539.07 category Low
Maharashtra,Thane,Tur,Kharif,Canal,707.59,Low,Maharashtra Thane Tur Kharif Canal total water footprint 707.59 category Low
Maharashtra,Thane,Tur,Kharif,Rainfed,613.61,Low,Maharashtra Thane Tur Kharif Rainfed total water footprint 613.61 category Low
Maharashtra,Thane,Tur,Kharif,Well,817.84,Low,Maharashtra Thane Tur Kharif Well total water footprint 817.84 category Low
Maharashtra,Thane,Maize,Kharif,Drip,546.74,Low,Maharashtra Thane Maize Kharif Drip total water footprint 546.74 category Low
Maharashtra,Thane,Maize,Kharif,Canal,770.53,Low,Maharashtra Thane Maize Kharif Canal total water footprint 770.53 category Low
Maharashtra,Thane,Maize,Kharif,Rainfed,570.16,Low,Maharashtra Thane Maize Kharif Rainfed total water footprint 570.16 category Low
Maharashtra,Thane,Maize,Kharif,Well,733.42,Low,Maharashtra Thane Maize Kharif Well total water footprint 733.42 category Low
Maharashtra,Thane,Groundnut,Kharif,Drip,1800.75,Medium,Maharashtra Thane Groundnut Kharif Drip total water footprint 1800.75 category Medium
Maharashtra,Thane,Groundnut,Kharif,Canal,2251.51,Medium,Maharashtra Thane Groundnut Kharif Canal total water footprint 2251.51 category Medium
Maharashtra,Thane,Groundnut,Kharif,Rainfed,2004.48,Medium,Maharashtra Thane Groundnut Kharif Rainfed total water footprint 2004.48 category Medium
Maharashtra,Thane,Groundnut,Kharif,Well,2595.24,High,Maharashtra Thane Groundnut Kharif Well total water footprint 2595.24 category High
Maharashtra,Thane,Banana,Kharif,Drip,1887.55,Medium,Maharashtra Thane Banana Kharif Drip total water footprint 1887.55 category Medium
Maharashtra,Thane,Banana,Kharif,Canal,2833.05,High,Maharashtra Thane Banana Kharif Canal total water footprint 2833.05 category High
Maharashtra,Thane,Banana,Kharif,Rainfed,1970.71,Medium,Maharashtra Thane Banana Kharif Rainfed total water footprint 1970.71 category Medium
Maharashtra,Thane,Banana,Kharif,Well,2872.66,High,Maharashtra Thane Banana Kharif Well total water footprint 2872.66 category High
Maharashtra,Thane,Grapes,Annual,Drip,793.74,Low,Maharashtra Thane Grapes Annual Drip total water footprint 793.74 category Low
Maharashtra,Thane,Grapes,Annual,Canal,1032.93,Medium,Maharashtra Thane Grapes Annual Canal total water footprint 1032.93 category Medium
Maharashtra,Thane,Grapes,Annual,Rainfed,809.81,Low,Maharashtra Thane Grapes Annual Rainfed total water footprint 809.81 category Low
Maharashtra,Thane,Grapes,Annual,Well,1263.26,Medium,Maharashtra Thane Grapes Annual Well total water footprint 1263.26 category Medium
Maharashtra,Thane,Onions,Annual,Drip,427.29,Low,Maharashtra Thane Onions Annual Drip total water footprint 427.29 category Low
Maharashtra,Thane,Onions,Annual,Canal,633.01,Low,Maharashtra Thane Onions Annual Canal total water footprint 633.01 category Low
Maharashtra,Thane,Onions,Annual,Rainfed,458.86,Low,Maharashtra Thane Onions Annual Rainfed total water footprint 458.86 category Low
Maharashtra,Thane,Onions,Annual,Well,660.92,Low,Maharashtra Thane Onions Annual Well total water footprint 660.92 category Low
Maharashtra,Satara,Sugarcane,Kharif,Drip,1581.97,Medium,Maharashtra Satara Sugarcane Kharif Drip total water footprint 1581.97 category Medium
Maharashtra,Satara,Sugarcane,Kharif,Canal,2522.54,High,Maharashtra Satara Sugarcane Kharif Canal total water footprint 2522.54 category High
Maharashtra,Satara,Sugarcane,Kharif,Rainfed,1859.51,Medium,Maharashtra Satara Sugarcane Kharif Rainfed total water footprint 1859.51 category Medium
Maharashtra,Satara,Sugarcane,Kharif,Well,2846.38,High,Maharashtra Satara Sugarcane Kharif Well total water footprint 2846.38 category High
Maharashtra,Satara,Soybean,Kharif,Drip,768.16,Low,Maharashtra Satara Soybean Kharif Drip total water footprint 768.16 category Low
Maharashtra,Satara,Soybean,Kharif,Canal,1081.21,Medium,Maharashtra Satara Soybean Kharif Canal total water footprint 1081.21 category Medium
Maharashtra,Satara,Soybean,Kharif,Rainfed,822.23,Low,Maharashtra Satara Soybean Kharif Rainfed total water footprint 822.23 category Low
Maharashtra,Satara,Soybean,Kharif,Well,1211.11,Medium,Maharashtra Satara Soybean Kharif Well total water footprint 1211.11 category Medium
Maharashtra,Satara,Cotton,Kharif,Drip,1678.0,Medium,Maharashtra Satara Cotton Kharif Drip total water footprint 1678.0 category Medium
Maharashtra,Satara,Cotton,Kharif,Canal,2351.65,Medium,Maharashtra Satara Cotton Kharif Canal total water footprint 2351.65 category Medium
Maharashtra,Satara,Cotton,Kharif,Rainfed,2081.24,Medium,Maharashtra Satara Cotton Kharif Rainfed total water footprint 2081.24 category Medium
Maharashtra,Satara,Cotton,Kharif,Well,2684.76,High,Maharashtra Satara Cotton Kharif Well total water footprint 2684.76 category High
Maharashtra,Satara,Rice,Kharif,Drip,2100.26,Medium,Maharashtra Satara Rice Kharif Drip total water footprint 2100.26 category Medium
Maharashtra,Satara,Rice,Kharif,Canal,2691.12,High,Maharashtra Satara Rice Kharif Canal total water footprint 2691.12 category High
Maharashtra,Satara,Rice,Kharif,Rainfed,2279.78,Medium,Maharashtra Satara Rice Kharif Rainfed total water footprint 2279.78 category Medium
Maharashtra,Satara,Rice,Kharif,Well,2902.77,High,Maharashtra Satara Rice Kharif Well total water footprint 2902.77 category High
Maharashtra,Satara,Jowar,Rabi,Drip,1061.38,Medium,Maharashtra Satara Jowar Rabi Drip total water footprint 1061.38 category Medium
Maharashtra,Satara,Jowar,Rabi,Canal,1328.9,Medium,Maharashtra Satara Jowar Rabi Canal total water footprint 1328.9 category Medium
Maharashtra,Satara,Jowar,Rabi,Rainfed,1201.75,Medium,Maharashtra Satara Jowar Rabi Rainfed total water footprint 1201.75 category Medium
Maharashtra,Satara,Jowar,Rabi,Well,1558.01,Medium,Maharashtra Satara Jowar Rabi Well total water footprint 1558.01 category Medium
Maharashtra,Satara,Wheat,Rabi,Drip,1446.12,Medium,Maharashtra Satara Wheat Rabi Drip total water footprint 1446.12 category Medium
Maharashtra,Satara,Wheat,Rabi,Canal,2049.54,Medium,Maharashtra Satara Wheat Rabi Canal total water footprint 2049.54 category Medium
Maharashtra,Satara,Wheat,Rabi,Rainfed,1638.43,Medium,Maharashtra Satara Wheat Rabi Rainfed total water footprint 1638.43 category Medium
Maharashtra,Satara,Wheat,Rabi,Well,1981.73,Medium,Maharashtra Satara Wheat Rabi Well total water footprint 1981.73 category Medium
Maharashtra,Satara,Tur,Kharif,Drip,539.38,Low,Maharashtra Satara Tur Kharif Drip total water footprint 539.38 category Low
Maharashtra,Satara,Tur,Kharif,Canal,692.82,Low,Maharashtra Satara Tur Kharif Canal total water footprint 692.82 category Low
Maharashtra,Satara,Tur,Kharif,Rainfed,609.29,Low,Maharashtra Satara Tur Kharif Rainfed total water footprint 609.29 category Low
Maharashtra,Satara,Tur,Kharif,Well,807.68,Low,Maharashtra Satara Tur Kharif Well total water footprint 807.68 category Low
Maharashtra,Satara,Maize,Kharif,Drip,490.95,Low,Maharashtra Satara Maize Kharif Drip total water footprint 490.95 category Low
Maharashtra,Satara,Maize,Kharif,Canal,808.57,Low,Maharashtra Satara Maize Kharif Canal total water footprint 808.57 category Low
Maharashtra,Satara,Maize,Kharif,Rainfed,574.61,Low,Maharashtra Satara Maize Kharif Rainfed total water footprint 574.61 category Low
Maharashtra,Satara,Maize,Kharif,Well,861.41,Low,Maharashtra Satara Maize Kharif Well total water footprint 861.41 category Low
Maharashtra,Satara,Groundnut,Kharif,Drip,1848.15,Medium,Maharashtra Satara Groundnut Kharif Drip total water footprint 1848.15 category Medium
Maharashtra,Satara,Groundnut,Kharif,Canal,2242.56,Medium,Maharashtra Satara Groundnut Kharif Canal total water footprint 2242.56 category Medium
Maharashtra,Satara,Groundnut,Kharif,Rainfed,1945.93,Medium,Maharashtra Satara Groundnut Kharif Rainfed total water footprint 1945.93 category Medium
Maharashtra,Satara,Groundnut,Kharif,Well,2488.17,Medium,Maharashtra Satara Groundnut Kharif Well total water footprint 2488.17 category Medium
Maharashtra,Satara,Banana,Kharif,Drip,2014.68,Medium,Maharashtra Satara Banana Kharif Drip total water footprint 2014.68 category Medium
Maharashtra,Satara,Banana,Kharif,Canal,2906.71,High,Maharashtra Satara Banana Kharif Canal total water footprint 2906.71 category High
Maharashtra,Satara,Banana,Kharif,Rainfed,2480.14,Medium,Maharashtra Satara Banana Kharif Rainfed total water footprint 2480.14 category Medium
Maharashtra,Satara,Banana,Kharif,Well,3088.9,High,Maharashtra Satara Banana Kharif Well total water footprint 3088.9 category High
Maharashtra,Satara,Grapes,Annual,Drip,876.71,Low,Maharashtra Satara Grapes Annual Drip total water footprint 876.71 category Low
Maharashtra,Satara,Grapes,Annual,Canal,1140.65,Medium,Maharashtra Satara Grapes Annual Canal total water footprint 1140.65 category Medium
Maharashtra,Satara,Grapes,Annual,Rainfed,934.23,Low,Maharashtra Satara Grapes Annual Rainfed total water footprint 934.23 category Low
Maharashtra,Satara,Grapes,Annual,Well,1324.47,Medium,Maharashtra Satara Grapes Annual Well total water footprint 1324.47 category Medium
Maharashtra,Satara,Onions,Annual,Drip,421.26,Low,Maharashtra Satara Onions Annual Drip total water footprint 421.26 category Low
Maharashtra,Satara,Onions,Annual,Canal,704.24,Low,Maharashtra Satara Onions Annual Canal total water footprint 704.24 category Low
Maharashtra,Satara,Onions,Annual,Rainfed,534.06,Low,Maharashtra Satara Onions Annual Rainfed total water footprint 534.06 category Low
Maharashtra,Satara,Onions,Annual,Well,685.59,Low,Maharashtra Satara Onions Annual Well total water footprint 685.59 category Low
Maharashtra,Sangli,Sugarcane,Kharif,Drip,1794.59,Medium,Maharashtra Sangli Sugarcane Kharif Drip total water footprint 1794.59 category Medium
Maharashtra,Sangli,Sugarcane,Kharif,Canal,2249.51,Medium,Maharashtra Sangli Sugarcane Kharif Canal total water footprint 2249.51 category Medium
Maharashtra,Sangli,Sugarcane,Kharif,Rainfed,2015.68,Medium,Maharashtra Sangli Sugarcane Kharif Rainfed total water footprint 2015.68 category Medium
Maharashtra,Sangli,Sugarcane,Kharif,Well,2489.5,Medium,Maharashtra Sangli Sugarcane Kharif Well total water footprint 2489.5 category Medium
Maharashtra,Sangli,Soybean,Kharif,Drip,771.95,Low,Maharashtra Sangli Soybean Kharif Drip total water footprint 771.95 category Low
Maharashtra,Sangli,Soybean,Kharif,Canal,1181.82,Medium,Maharashtra Sangli Soybean Kharif Canal total water footprint 1181.82 category Medium
Maharashtra,Sangli,Soybean,Kharif,Rainfed,922.25,Low,Maharashtra Sangli Soybean Kharif Rainfed total water footprint 922.25 category Low
Maharashtra,Sangli,Soybean,Kharif,Well,1149.68,Medium,Maharashtra Sangli Soybean Kharif Well total water footprint 1149.68 category Medium
Maharashtra,Sangli,Cotton,Kharif,Drip,1718.61,Medium,Maharashtra Sangli Cotton Kharif Drip total water footprint 1718.61 category Medium
Maharashtra,Sangli,Cotton,Kharif,Canal,2486.6,Medium,Maharashtra Sangli Cotton Kharif Canal total water footprint 2486.6 category Medium
Maharashtra,Sangli,Cotton,Kharif,Rainfed,2045.02,Medium,Maharashtra Sangli Cotton Kharif Rainfed total water footprint 2045.02 category Medium
Maharashtra,Sangli,Cotton,Kharif,Well,2827.89,High,Maharashtra Sangli Cotton Kharif Well total water footprint 2827.89 category High
Maharashtra,Sangli,Rice,Kharif,Drip,2111.01,Medium,Maharashtra Sangli Rice Kharif Drip total water footprint 2111.01 category Medium
Maharashtra,Sangli,Rice,Kharif,Canal,2826.28,High,Maharashtra Sangli Rice Kharif Canal total water footprint 2826.28 category High
Maharashtra,Sangli,Rice,Kharif,Rainfed,2249.29,Medium,Maharashtra Sangli Rice Kharif Rainfed total water footprint 2249.29 category Medium
Maharashtra,Sangli,Rice,Kharif,Well,3036.46,High,Maharashtra Sangli Rice Kharif Well total water footprint 3036.46 category High
Maharashtra,Sangli,Jowar,Rabi,Drip,1025.08,Medium,Maharashtra Sangli Jowar Rabi Drip total water footprint 1025.08 category Medium
Maharashtra,Sangli,Jowar,Rabi,Canal,1408.58,Medium,Maharashtra Sangli Jowar Rabi Canal total water footprint 1408.58 category Medium
Maharashtra,Sangli,Jowar,Rabi,Rainfed,1190.46,Medium,Maharashtra Sangli Jowar Rabi Rainfed total water footprint 1190.46 category Medium
Maharashtra,Sangli,Jowar,Rabi,Well,1618.63,Medium,Maharashtra Sangli Jowar Rabi Well total water footprint 1618.63 category Medium
Maharashtra,Sangli,Wheat,Rabi,Drip,1412.07,Medium,Maharashtra Sangli Wheat Rabi Drip total water footprint 1412.07 category Medium
Maharashtra,Sangli,Wheat,Rabi,Canal,2089.91,Medium,Maharashtra Sangli Wheat Rabi Canal total water footprint 2089.91 category Medium
Maharashtra,Sangli,Wheat,Rabi,Rainfed,1451.35,Medium,Maharashtra Sangli Wheat Rabi Rainfed total water footprint 1451.35 category Medium
Maharashtra,Sangli,Wheat,Rabi,Well,1960.66,Medium,Maharashtra Sangli Wheat Rabi Well total water footprint 1960.66 category Medium
Maharashtra,Sangli,Tur,Kharif,Drip,489.83,Low,Maharashtra Sangli Tur Kharif Drip total water footprint 489.83 category Low
Maharashtra,Sangli,Tur,Kharif,Canal,722.12,Low,Maharashtra Sangli Tur Kharif Canal total water footprint 722.12 category Low
Maharashtra,Sangli,Tur,Kharif,Rainfed,602.35,Low,Maharashtra Sangli Tur Kharif Rainfed total water footprint 602.35 category Low
Maharashtra,Sangli,Tur,Kharif,Well,902.2,Low,Maharashtra Sangli Tur Kharif Well total water footprint 902.2 category Low
Maharashtra,Sangli,Maize,Kharif,Drip,517.22,Low,Maharashtra Sangli Maize Kharif Drip total water footprint 517.22 category Low
Maharashtra,Sangli,Maize,Kharif,Canal,741.29,Low,Maharashtra Sangli Maize Kharif Canal total water footprint 741.29 category Low
Maharashtra,Sangli,Maize,Kharif,Rainfed,569.94,Low,Maharashtra Sangli Maize Kharif Rainfed total water footprint 569.94 category Low
Maharashtra,Sangli,Maize,Kharif,Well,758.22,Low,Maharashtra Sangli Maize Kharif Well total water footprint 758.22 category Low
Maharashtra,Sangli,Groundnut,Kharif,Drip,1691.52,Medium,Maharashtra Sangli Groundnut Kharif Drip total water footprint 1691.52 category Medium
Maharashtra,Sangli,Groundnut,Kharif,Canal,2452.31,Medium,Maharashtra Sangli Groundnut Kharif Canal total water footprint 2452.31 category Medium
Maharashtra,Sangli,Groundnut,Kharif,Rainfed,2136.68,Medium,Maharashtra Sangli Groundnut Kharif Rainfed total water footprint 2136.68 category Medium
Maharashtra,Sangli,Groundnut,Kharif,Well,2599.45,High,Maharashtra Sangli Groundnut Kharif Well total water footprint 2599.45 category High
Maharashtra,Sangli,Banana,Kharif,Drip,1918.96,Medium,Maharashtra Sangli Banana Kharif Drip total water footprint 1918.96 category Medium
Maharashtra,Sangli,Banana,Kharif,Canal,2860.19,High,Maharashtra Sangli Banana Kharif Canal total water footprint 2860.19 category High
Maharashtra,Sangli,Banana,Kharif,Rainfed,2083.21,Medium,Maharashtra Sangli Banana Kharif Rainfed total water footprint 2083.21 category Medium
Maharashtra,Sangli,Banana,Kharif,Well,2902.65,High,Maharashtra Sangli Banana Kharif Well total water footprint 2902.65 category High
Maharashtra,Sangli,Grapes,Annual,Drip,781.49,Low,Maharashtra Sangli Grapes Annual Drip total water footprint 781.49 category Low
Maharashtra,Sangli,Grapes,Annual,Canal,1217.68,Medium,Maharashtra Sangli Grapes Annual Canal total water footprint 1217.68 category Medium
Maharashtra,Sangli,Grapes,Annual,Rainfed,956.15,Low,Maharashtra Sangli Grapes Annual Rainfed total water footprint 956.15 category Low
Maharashtra,Sangli,Grapes,Annual,Well,1282.0,Medium,Maharashtra Sangli Grapes Annual Well total water footprint 1282.0 category Medium
Maharashtra,Sangli,Onions,Annual,Drip,437.93,Low,Maharashtra Sangli Onions Annual Drip total water footprint 437.93 category Low
Maharashtra,Sangli,Onions,Annual,Canal,652.68,Low,Maharashtra Sangli Onions Annual Canal total water footprint 652.68 category Low
Maharashtra,Sangli,Onions,Annual,Rainfed,506.77,Low,Maharashtra Sangli Onions Annual Rainfed total water footprint 506.77 category Low
Maharashtra,Sangli,Onions,Annual,Well,736.45,Low,Maharashtra Sangli Onions Annual Well total water footprint 736.45 category Low
Maharashtra,Amravati,Sugarcane,Kharif,Drip,1812.23,Medium,Maharashtra Amravati Sugarcane Kharif Drip total water footprint 1812.23 category Medium
Maharashtra,Amravati,Sugarcane,Kharif,Canal,2591.51,High,Maharashtra Amravati Sugarcane Kharif Canal total water footprint 2591.51 category High
Maharashtra,Amravati,Sugarcane,Kharif,Rainfed,2080.57,Medium,Maharashtra Amravati Sugarcane Kharif Rainfed total water footprint 2080.57 category Medium
Maharashtra,Amravati,Sugarcane,Kharif,Well,3072.69,High,Maharashtra Amravati Sugarcane Kharif Well total water footprint 3072.69 category High
Maharashtra,Amravati,Soybean,Kharif,Drip,835.98,Low,Maharashtra Amravati Soybean Kharif Drip total water footprint 835.98 category Low
Maharashtra,Amravati,Soybean,Kharif,Canal,1173.8,Medium,Maharashtra Amravati Soybean Kharif Canal total water footprint 1173.8 category Medium
Maharashtra,Amravati,Soybean,Kharif,Rainfed,953.0,Low,Maharashtra Amravati Soybean Kharif Rainfed total water footprint 953.0 category Low
Maharashtra,Amravati,Soybean,Kharif,Well,1318.33,Medium,Maharashtra Amravati Soybean Kharif Well total water footprint 1318.33 category Medium
Maharashtra,Amravati,Cotton,Kharif,Drip,1723.45,Medium,Maharashtra Amravati Cotton Kharif Drip total water footprint 1723.45 category Medium
Maharashtra,Amravati,Cotton,Kharif,Canal,2725.74,High,Maharashtra Amravati Cotton Kharif Canal total water footprint 2725.74 category High
Maharashtra,Amravati,Cotton,Kharif,Rainfed,2002.32,Medium,Maharashtra Amravati Cotton Kharif Rainfed total water footprint 2002.32 category Medium
Maharashtra,Amravati,Cotton,Kharif,Well,2746.99,High,Maharashtra Amravati Cotton Kharif Well total water footprint 2746.99 category High
Maharashtra,Amravati,Rice,Kharif,Drip,2247.09,Medium,Maharashtra Amravati Rice Kharif Drip total water footprint 2247.09 category Medium
Maharashtra,Amravati,Rice,Kharif,Canal,3355.17,High,Maharashtra Amravati Rice Kharif Canal total water footprint 3355.17 category High
Maharashtra,Amravati,Rice,Kharif,Rainfed,2526.1,High,Maharashtra Amravati Rice Kharif Rainfed total water footprint 2526.1 category High
Maharashtra,Amravati,Rice,Kharif,Well,3128.92,High,Maharashtra Amravati Rice Kharif Well total water footprint 3128.92 category High
Maharashtra,Amravati,Jowar,Rabi,Drip,1135.28,Medium,Maharashtra Amravati Jowar Rabi Drip total water footprint 1135.28 category Medium
Maharashtra,Amravati,Jowar,Rabi,Canal,1551.48,Medium,Maharashtra Amravati Jowar Rabi Canal total water footprint 1551.48 category Medium
Maharashtra,Amravati,Jowar,Rabi,Rainfed,1137.0,Medium,Maharashtra Amravati Jowar Rabi Rainfed total water footprint 1137.0 category Medium
Maharashtra,Amravati,Jowar,Rabi,Well,1682.61,Medium,Maharashtra Amravati Jowar Rabi Well total water footprint 1682.61 category Medium
Maharashtra,Amravati,Wheat,Rabi,Drip,1615.01,Medium,Maharashtra Amravati Wheat Rabi Drip total water footprint 1615.01 category Medium
Maharashtra,Amravati,Wheat,Rabi,Canal,2168.4,Medium,Maharashtra Amravati Wheat Rabi Canal total water footprint 2168.4 category Medium
Maharashtra,Amravati,Wheat,Rabi,Rainfed,1595.07,Medium,Maharashtra Amravati Wheat Rabi Rainfed total water footprint 1595.07 category Medium
Maharashtra,Amravati,Wheat,Rabi,Well,2202.19,Medium,Maharashtra Amravati Wheat Rabi Well total water footprint 2202.19 category Medium
Maharashtra,Amravati,Tur,Kharif,Drip,532.87,Low,Maharashtra Amravati Tur Kharif Drip total water footprint 532.87 category Low
Maharashtra,Amravati,Tur,Kharif,Canal,920.87,Low,Maharashtra Amravati Tur Kharif Canal total water footprint 920.87 category Low
Maharashtra,Amravati,Tur,Kharif,Rainfed,635.97,Low,Maharashtra Amravati Tur Kharif Rainfed total water footprint 635.97 category Low
Maharashtra,Amravati,Tur,Kharif,Well,862.51,Low,Maharashtra Amravati Tur Kharif Well total water footprint 862.51 category Low
Maharashtra,Amravati,Maize,Kharif,Drip,619.6,Low,Maharashtra Amravati Maize Kharif Drip total water footprint 619.6 category Low
Maharashtra,Amravati,Maize,Kharif,Canal,792.09,Low,Maharashtra Amravati Maize Kharif Canal total water footprint 792.09 category Low
Maharashtra,Amravati,Maize,Kharif,Rainfed,672.3,Low,Maharashtra Amravati Maize Kharif Rainfed total water footprint 672.3 category Low
Maharashtra,Amravati,Maize,Kharif,Well,892.42,Low,Maharashtra Amravati Maize Kharif Well total water footprint 892.42 category Low
Maharashtra,Amravati,Groundnut,Kharif,Drip,1826.15,Medium,Maharashtra Amravati Groundnut Kharif Drip total water footprint 1826.15 category Medium
Maharashtra,Amravati,Groundnut,Kharif,Canal,2693.33,High,Maharashtra Amravati Groundnut Kharif Canal total water footprint 2693.33 category High
Maharashtra,Amravati,Groundnut,Kharif,Rainfed,2131.48,Medium,Maharashtra Amravati Groundnut Kharif Rainfed total water footprint 2131.48 category Medium
Maharashtra,Amravati,Groundnut,Kharif,Well,2786.57,High,Maharashtra Amravati Groundnut Kharif Well total water footprint 2786.57 category High
Maharashtra,Amravati,Banana,Kharif,Drip,2120.86,Medium,Maharashtra Amravati Banana Kharif Drip total water footprint 2120.86 category Medium
Maharashtra,Amravati,Banana,Kharif,Canal,2901.73,High,Maharashtra Amravati Banana Kharif Canal total water footprint 2901.73 category High
Maharashtra,Amravati,Banana,Kharif,Rainfed,2276.43,Medium,Maharashtra Amravati Banana Kharif Rainfed total water footprint 2276.43 category Medium
Maharashtra,Amravati,Banana,Kharif,Well,3672.74,High,Maharashtra Amravati Banana Kharif Well total water footprint 3672.74 category High
Maharashtra,Amravati,Grapes,Annual,Drip,929.12,Low,Maharashtra Amravati Grapes Annual Drip total water footprint 929.12 category Low
Maharashtra,Amravati,Grapes,Annual,Canal,1294.62,Medium,Maharashtra Amravati Grapes Annual Canal total water footprint 1294.62 category Medium
Maharashtra,Amravati,Grapes,Annual,Rainfed,930.03,Low,Maharashtra Amravati Grapes Annual Rainfed total water footprint 930.03 category Low
Maharashtra,Amravati,Grapes,Annual,Well,1439.85,Medium,Maharashtra Amravati Grapes Annual Well total water footprint 1439.85 category Medium
Maharashtra,Amravati,Onions,Annual,Drip,537.58,Low,Maharashtra Amravati Onions Annual Drip total water footprint 537.58 category Low
Maharashtra,Amravati,Onions,Annual,Canal,755.46,Low,Maharashtra Amravati Onions Annual Canal total water footprint 755.46 category Low
Maharashtra,Amravati,Onions,Annual,Rainfed,548.91,Low,Maharashtra Amravati Onions Annual Rainfed total water footprint 548.91 category Low
Maharashtra,Amravati,Onions,Annual,Well,781.17,Low,Maharashtra Amravati Onions Annual Well total water footprint 781.17 category Low
Maharashtra,Kolhapur,Sugarcane,Kharif,Drip,1596.59,Medium,Maharashtra Kolhapur Sugarcane Kharif Drip total water footprint 1596.59 category Medium
Maharashtra,Kolhapur,Sugarcane,Kharif,Canal,1998.61,Medium,Maharashtra Kolhapur Sugarcane Kharif Canal total water footprint 1998.61 category Medium
Maharashtra,Kolhapur,Sugarcane,Kharif,Rainfed,1846.4,Medium,Maharashtra Kolhapur Sugarcane Kharif Rainfed total water footprint 1846.4 category Medium
Maharashtra,Kolhapur,Sugarcane,Kharif,Well,2502.22,High,Maharashtra Kolhapur Sugarcane Kharif Well total water footprint 2502.22 category High
Maharashtra,Kolhapur,Soybean,Kharif,Drip,668.64,Low,Maharashtra Kolhapur Soybean Kharif Drip total water footprint 668.64 category Low
Maharashtra,Kolhapur,Soybean,Kharif,Canal,966.82,Low,Maharashtra Kolhapur Soybean Kharif Canal total water footprint 966.82 category Low
Maharashtra,Kolhapur,Soybean,Kharif,Rainfed,879.13,Low,Maharashtra Kolhapur Soybean Kharif Rainfed total water footprint 879.13 category Low
Maharashtra,Kolhapur,Soybean,Kharif,Well,1231.39,Medium,Maharashtra Kolhapur Soybean Kharif Well total water footprint 1231.39 category Medium
Maharashtra,Kolhapur,Cotton,Kharif,Drip,1446.49,Medium,Maharashtra Kolhapur Cotton Kharif Drip total water footprint 1446.49 category Medium
Maharashtra,Kolhapur,Cotton,Kharif,Canal,2054.64,Medium,Maharashtra Kolhapur Cotton Kharif Canal total water footprint 2054.64 category Medium
Maharashtra,Kolhapur,Cotton,Kharif,Rainfed,1848.57,Medium,Maharashtra Kolhapur Cotton Kharif Rainfed total water footprint 1848.57 category Medium
Maharashtra,Kolhapur,Cotton,Kharif,Well,2389.47,Medium,Maharashtra Kolhapur Cotton Kharif Well total water footprint 2389.47 category Medium
Maharashtra,Kolhapur,Rice,Kharif,Drip,1896.57,Medium,Maharashtra Kolhapur Rice Kharif Drip total water footprint 1896.57 category Medium
Maharashtra,Kolhapur,Rice,Kharif,Canal,2504.07,High,Maharashtra Kolhapur Rice Kharif Canal total water footprint 2504.07 category High
Maharashtra,Kolhapur,Rice,Kharif,Rainfed,2011.89,Medium,Maharashtra Kolhapur Rice Kharif Rainfed total water footprint 2011.89 category Medium
Maharashtra,Kolhapur,Rice,Kharif,Well,2764.63,High,Maharashtra Kolhapur Rice Kharif Well total water footprint 2764.63 category High
Maharashtra,Kolhapur,Jowar,Rabi,Drip,846.58,Low,Maharashtra Kolhapur Jowar Rabi Drip total water footprint 846.58 category Low
Maharashtra,Kolhapur,Jowar,Rabi,Canal,1303.83,Medium,Maharashtra Kolhapur Jowar Rabi Canal total water footprint 1303.83 category Medium
Maharashtra,Kolhapur,Jowar,Rabi,Rainfed,1053.67,Medium,Maharashtra Kolhapur Jowar Rabi Rainfed total water footprint 1053.67 category Medium
Maharashtra,Kolhapur,Jowar,Rabi,Well,1407.95,Medium,Maharashtra Kolhapur Jowar Rabi Well total water footprint 1407.95 category Medium
Maharashtra,Kolhapur,Wheat,Rabi,Drip,1124.83,Medium,Maharashtra Kolhapur Wheat Rabi Drip total water footprint 1124.83 category Medium
Maharashtra,Kolhapur,Wheat,Rabi,Canal,1782.31,Medium,Maharashtra Kolhapur Wheat Rabi Canal total water footprint 1782.31 category Medium
Maharashtra,Kolhapur,Wheat,Rabi,Rainfed,1304.62,Medium,Maharashtra Kolhapur Wheat Rabi Rainfed total water footprint 1304.62 category Medium
Maharashtra,Kolhapur,Wheat,Rabi,Well,1701.46,Medium,Maharashtra Kolhapur Wheat Rabi Well total water footprint 1701.46 category Medium
Maharashtra,Kolhapur,Tur,Kharif,Drip,492.44,Low,Maharashtra Kolhapur Tur Kharif Drip total water footprint 492.44 category Low
Maharashtra,Kolhapur,Tur,Kharif,Canal,724.73,Low,Maharashtra Kolhapur Tur Kharif Canal total water footprint 724.73 category Low
Maharashtra,Kolhapur,Tur,Kharif,Rainfed,496.03,Low,Maharashtra Kolhapur Tur Kharif Rainfed total water footprint 496.03 category Low
Maharashtra,Kolhapur,Tur,Kharif,Well,760.56,Low,Maharashtra Kolhapur Tur Kharif Well total water footprint 760.56 category Low
Maharashtra,Kolhapur,Maize,Kharif,Drip,495.6,Low,Maharashtra Kolhapur Maize Kharif Drip total water footprint 495.6 category Low
Maharashtra,Kolhapur,Maize,Kharif,Canal,711.66,Low,Maharashtra Kolhapur Maize Kharif Canal total water footprint 711.66 category Low
Maharashtra,Kolhapur,Maize,Kharif,Rainfed,528.62,Low,Maharashtra Kolhapur Maize Kharif Rainfed total water footprint 528.62 category Low
Maharashtra,Kolhapur,Maize,Kharif,Well,677.35,Low,Maharashtra Kolhapur Maize Kharif Well total water footprint 677.35 category Low
Maharashtra,Kolhapur,Groundnut,Kharif,Drip,1394.07,Medium,Maharashtra Kolhapur Groundnut Kharif Drip total water footprint 1394.07 category Medium
Maharashtra,Kolhapur,Groundnut,Kharif,Canal,2328.46,Medium,Maharashtra Kolhapur Groundnut Kharif Canal total water footprint 2328.46 category Medium
Maharashtra,Kolhapur,Groundnut,Kharif,Rainfed,1817.74,Medium,Maharashtra Kolhapur Groundnut Kharif Rainfed total water footprint 1817.74 category Medium
Maharashtra,Kolhapur,Groundnut,Kharif,Well,2446.73,Medium,Maharashtra Kolhapur Groundnut Kharif Well total water footprint 2446.73 category Medium
Maharashtra,Kolhapur,Banana,Kharif,Drip,1873.46,Medium,Maharashtra Kolhapur Banana Kharif Drip total water footprint 1873.46 category Medium
Maharashtra,Kolhapur,Banana,Kharif,Canal,2355.24,Medium,Maharashtra Kolhapur Banana Kharif Canal total water footprint 2355.24 category Medium
Maharashtra,Kolhapur,Banana,Kharif,Rainfed,2086.81,Medium,Maharashtra Kolhapur Banana Kharif Rainfed total water footprint 2086.81 category Medium
Maharashtra,Kolhapur,Banana,Kharif,Well,2832.14,High,Maharashtra Kolhapur Banana Kharif Well total water footprint 2832.14 category High
Maharashtra,Kolhapur,Grapes,Annual,Drip,699.54,Low,Maharashtra Kolhapur Grapes Annual Drip total water footprint 699.54 category Low
Maharashtra,Kolhapur,Grapes,Annual,Canal,1015.38,Medium,Maharashtra Kolhapur Grapes Annual Canal total water footprint 1015.38 category Medium
Maharashtra,Kolhapur,Grapes,Annual,Rainfed,745.21,Low,Maharashtra Kolhapur Grapes Annual Rainfed total water footprint 745.21 category Low
Maharashtra,Kolhapur,Grapes,Annual,Well,1120.95,Medium,Maharashtra Kolhapur Grapes Annual Well total water footprint 1120.95 category Medium
Maharashtra,Kolhapur,Onions,Annual,Drip,387.55,Low,Maharashtra Kolhapur Onions Annual Drip total water footprint 387.55 category Low
Maharashtra,Kolhapur,Onions,Annual,Canal,582.29,Low,Maharashtra Kolhapur Onions Annual Canal total water footprint 582.29 category Low
Maharashtra,Kolhapur,Onions,Annual,Rainfed,431.95,Low,Maharashtra Kolhapur Onions Annual Rainfed total water footprint 431.95 category Low
Maharashtra,Kolhapur,Onions,Annual,Well,664.5,Low,Maharashtra Kolhapur Onions Annual Well total water footprint 664.5 category Low
Maharashtra,Ahmednagar,Sugarcane,Kharif,Drip,1693.34,Medium,Maharashtra Ahmednagar Sugarcane Kharif Drip total water footprint 1693.34 category Medium
Maharashtra,Ahmednagar,Sugarcane,Kharif,Canal,2260.69,Medium,Maharashtra Ahmednagar Sugarcane Kharif Canal total water footprint 2260.69 category Medium
Maharashtra,Ahmednagar,Sugarcane,Kharif,Rainfed,1889.07,Medium,Maharashtra Ahmednagar Sugarcane Kharif Rainfed total water footprint 1889.07 category Medium
Maharashtra,Ahmednagar,Sugarcane,Kharif,Well,2682.54,High,Maharashtra Ahmednagar Sugarcane Kharif Well total water footprint 2682.54 category High
Maharashtra,Ahmednagar,Soybean,Kharif,Drip,823.65,Low,Maharashtra Ahmednagar Soybean Kharif Drip total water footprint 823.65 category Low
Maharashtra,Ahmednagar,Soybean,Kharif,Canal,1286.49,Medium,Maharashtra Ahmednagar Soybean Kharif Canal total water footprint 1286.49 category Medium
Maharashtra,Ahmednagar,Soybean,Kharif,Rainfed,979.47,Low,Maharashtra Ahmednagar Soybean Kharif Rainfed total water footprint 979.47 category Low
Maharashtra,Ahmednagar,Soybean,Kharif,Well,1425.75,Medium,Maharashtra Ahmednagar Soybean Kharif Well total water footprint 1425.75 category Medium
Maharashtra,Ahmednagar,Cotton,Kharif,Drip,1798.74,Medium,Maharashtra Ahmednagar Cotton Kharif Drip total water footprint 1798.74 category Medium
Maharashtra,Ahmednagar,Cotton,Kharif,Canal,2436.25,Medium,Maharashtra Ahmednagar Cotton Kharif Canal total water footprint 2436.25 category Medium
Maharashtra,Ahmednagar,Cotton,Kharif,Rainfed,1900.6,Medium,Maharashtra Ahmednagar Cotton Kharif Rainfed total water footprint 1900.6 category Medium
Maharashtra,Ahmednagar,Cotton,Kharif,Well,2895.03,High,Maharashtra Ahmednagar Cotton Kharif Well total water footprint 2895.03 category High
Maharashtra,Ahmednagar,Rice,Kharif,Drip,1999.95,Medium,Maharashtra Ahmednagar Rice Kharif Drip total water footprint 1999.95 category Medium
Maharashtra,Ahmednagar,Rice,Kharif,Canal,3014.6,High,Maharashtra Ahmednagar Rice Kharif Canal total water footprint 3014.6 category High
Maharashtra,Ahmednagar,Rice,Kharif,Rainfed,2183.5,Medium,Maharashtra Ahmednagar Rice Kharif Rainfed total water footprint 2183.5 category Medium
Maharashtra,Ahmednagar,Rice,Kharif,Well,3180.89,High,Maharashtra Ahmednagar Rice Kharif Well total water footprint 3180.89 category High
Maharashtra,Ahmednagar,Jowar,Rabi,Drip,1045.94,Medium,Maharashtra Ahmednagar Jowar Rabi Drip total water footprint 1045.94 category Medium
Maharashtra,Ahmednagar,Jowar,Rabi,Canal,1577.13,Medium,Maharashtra Ahmednagar Jowar Rabi Canal total water footprint 1577.13 category Medium
Maharashtra,Ahmednagar,Jowar,Rabi,Rainfed,1284.29,Medium,Maharashtra Ahmednagar Jowar Rabi Rainfed total water footprint 1284.29 category Medium
Maharashtra,Ahmednagar,Jowar,Rabi,Well,1489.58,Medium,Maharashtra Ahmednagar Jowar Rabi Well total water footprint 1489.58 category Medium
Maharashtra,Ahmednagar,Wheat,Rabi,Drip,1517.31,Medium,Maharashtra Ahmednagar Wheat Rabi Drip total water footprint 1517.31 category Medium
Maharashtra,Ahmednagar,Wheat,Rabi,Canal,2199.3,Medium,Maharashtra Ahmednagar Wheat Rabi Canal total water footprint 2199.3 category Medium
Maharashtra,Ahmednagar,Wheat,Rabi,Rainfed,1585.7,Medium,Maharashtra Ahmednagar Wheat Rabi Rainfed total water footprint 1585.7 category Medium
Maharashtra,Ahmednagar,Wheat,Rabi,Well,2092.44,Medium,Maharashtra Ahmednagar Wheat Rabi Well total water footprint 2092.44 category Medium
Maharashtra,Ahmednagar,Tur,Kharif,Drip,556.42,Low,Maharashtra Ahmednagar Tur Kharif Drip total water footprint 556.42 category Low
Maharashtra,Ahmednagar,Tur,Kharif,Canal,809.76,Low,Maharashtra Ahmednagar Tur Kharif Canal total water footprint 809.76 category Low
Maharashtra,Ahmednagar,Tur,Kharif,Rainfed,692.42,Low,Maharashtra Ahmednagar Tur Kharif Rainfed total water footprint 692.42 category Low
Maharashtra,Ahmednagar,Tur,Kharif,Well,793.08,Low,Maharashtra Ahmednagar Tur Kharif Well total water footprint 793.08 category Low
Maharashtra,Ahmednagar,Maize,Kharif,Drip,610.38,Low,Maharashtra Ahmednagar Maize Kharif Drip total water footprint 610.38 category Low
Maharashtra,Ahmednagar,Maize,Kharif,Canal,851.6,Low,Maharashtra Ahmednagar Maize Kharif Canal total water footprint 851.6 category Low
Maharashtra,Ahmednagar,Maize,Kharif,Rainfed,657.05,Low,Maharashtra Ahmednagar Maize Kharif Rainfed total water footprint 657.05 category Low
Maharashtra,Ahmednagar,Maize,Kharif,Well,834.49,Low,Maharashtra Ahmednagar Maize Kharif Well total water footprint 834.49 category Low
Maharashtra,Ahmednagar,Groundnut,Kharif,Drip,1980.42,Medium,Maharashtra Ahmednagar Groundnut Kharif Drip total water footprint 1980.42 category Medium
Maharashtra,Ahmednagar,Groundnut,Kharif,Canal,2782.95,High,Maharashtra Ahmednagar Groundnut Kharif Canal total water footprint 2782.95 category High
Maharashtra,Ahmednagar,Groundnut,Kharif,Rainfed,1926.24,Medium,Maharashtra Ahmednagar Groundnut Kharif Rainfed total water footprint 1926.24 category Medium
Maharashtra,Ahmednagar,Groundnut,Kharif,Well,2804.98,High,Maharashtra Ahmednagar Groundnut Kharif Well total water footprint 2804.98 category High
Maharashtra,Ahmednagar,Banana,Kharif,Drip,2179.11,Medium,Maharashtra Ahmednagar Banana Kharif Drip total water footprint 2179.11 category Medium
Maharashtra,Ahmednagar,Banana,Kharif,Canal,3104.78,High,Maharashtra Ahmednagar Banana Kharif Canal total water footprint 3104.78 category High
Maharashtra,Ahmednagar,Banana,Kharif,Rainfed,2567.99,High,Maharashtra Ahmednagar Banana Kharif Rainfed total water footprint 2567.99 category High
Maharashtra,Ahmednagar,Banana,Kharif,Well,3396.85,High,Maharashtra Ahmednagar Banana Kharif Well total water footprint 3396.85 category High
Maharashtra,Ahmednagar,Grapes,Annual,Drip,800.95,Low,Maharashtra Ahmednagar Grapes Annual Drip total water footprint 800.95 category Low
Maharashtra,Ahmednagar,Grapes,Annual,Canal,1236.69,Medium,Maharashtra Ahmednagar Grapes Annual Canal total water footprint 1236.69 category Medium
Maharashtra,Ahmednagar,Grapes,Annual,Rainfed,1018.07,Medium,Maharashtra Ahmednagar Grapes Annual Rainfed total water footprint 1018.07 category Medium
Maharashtra,Ahmednagar,Grapes,Annual,Well,1239.53,Medium,Maharashtra Ahmednagar Grapes Annual Well total water footprint 1239.53 category Medium
Maharashtra,Ahmednagar,Onions,Annual,Drip,510.84,Low,Maharashtra Ahmednagar Onions Annual Drip total water footprint 510.84 category Low
Maharashtra,Ahmednagar,Onions,Annual,Canal,704.58,Low,Maharashtra Ahmednagar Onions Annual Canal total water footprint 704.58 category Low
Maharashtra,Ahmednagar,Onions,Annual,Rainfed,608.21,Low,Maharashtra Ahmednagar Onions Annual Rainfed total water footprint 608.21 category Low
Maharashtra,Ahmednagar,Onions,Annual,Well,754.21,Low,Maharashtra Ahmednagar Onions Annual Well total water footprint 754.21 category Low
Maharashtra,Chandrapur,Sugarcane,Kharif,Drip,1868.22,Medium,Maharashtra Chandrapur Sugarcane Kharif Drip total water footprint 1868.22 category Medium
Maharashtra,Chandrapur,Sugarcane,Kharif,Canal,2835.03,High,Maharashtra Chandrapur Sugarcane Kharif Canal total water footprint 2835.03 category High
Maharashtra,Chandrapur,Sugarcane,Kharif,Rainfed,2517.2,High,Maharashtra Chandrapur Sugarcane Kharif Rainfed total water footprint 2517.2 category High
Maharashtra,Chandrapur,Sugarcane,Kharif,Well,3237.77,High,Maharashtra Chandrapur Sugarcane Kharif Well total water footprint 3237.77 category High
Maharashtra,Chandrapur,Soybean,Kharif,Drip,876.66,Low,Maharashtra Chandrapur Soybean Kharif Drip total water footprint 876.66 category Low
Maharashtra,Chandrapur,Soybean,Kharif,Canal,1324.99,Medium,Maharashtra Chandrapur Soybean Kharif Canal total water footprint 1324.99 category Medium
Maharashtra,Chandrapur,Soybean,Kharif,Rainfed,1010.77,Medium,Maharashtra Chandrapur Soybean Kharif Rainfed total water footprint 1010.77 category Medium
Maharashtra,Chandrapur,Soybean,Kharif,Well,1557.36,Medium,Maharashtra Chandrapur Soybean Kharif Well total water footprint 1557.36 category Medium
Maharashtra,Chandrapur,Cotton,Kharif,Drip,2150.91,Medium,Maharashtra Chandrapur Cotton Kharif Drip total water footprint 2150.91 category Medium
Maharashtra,Chandrapur,Cotton,Kharif,Canal,2652.03,High,Maharashtra Chandrapur Cotton Kharif Canal total water footprint 2652.03 category High
Maharashtra,Chandrapur,Cotton,Kharif,Rainfed,2519.47,High,Maharashtra Chandrapur Cotton Kharif Rainfed total water footprint 2519.47 category High
Maharashtra,Chandrapur,Cotton,Kharif,Well,3006.13,High,Maharashtra Chandrapur Cotton Kharif Well total water footprint 3006.13 category High
Maharashtra,Chandrapur,Rice,Kharif,Drip,2538.35,High,Maharashtra Chandrapur Rice Kharif Drip total water footprint 2538.35 category High
Maharashtra,Chandrapur,Rice,Kharif,Canal,3638.56,High,Maharashtra Chandrapur Rice Kharif Canal total water footprint 3638.56 category High
Maharashtra,Chandrapur,Rice,Kharif,Rainfed,2888.59,High,Maharashtra Chandrapur Rice Kharif Rainfed total water footprint 2888.59 category High
Maharashtra,Chandrapur,Rice,Kharif,Well,3446.57,High,Maharashtra Chandrapur Rice Kharif Well total water footprint 3446.57 category High
Maharashtra,Chandrapur,Jowar,Rabi,Drip,1093.32,Medium,Maharashtra Chandrapur Jowar Rabi Drip total water footprint 1093.32 category Medium
Maharashtra,Chandrapur,Jowar,Rabi,Canal,1780.4,Medium,Maharashtra Chandrapur Jowar Rabi Canal total water footprint 1780.4 category Medium
Maharashtra,Chandrapur,Jowar,Rabi,Rainfed,1263.98,Medium,Maharashtra Chandrapur Jowar Rabi Rainfed total water footprint 1263.98 category Medium
Maharashtra,Chandrapur,Jowar,Rabi,Well,1969.2,Medium,Maharashtra Chandrapur Jowar Rabi Well total water footprint 1969.2 category Medium
Maharashtra,Chandrapur,Wheat,Rabi,Drip,1660.53,Medium,Maharashtra Chandrapur Wheat Rabi Drip total water footprint 1660.53 category Medium
Maharashtra,Chandrapur,Wheat,Rabi,Canal,2488.71,Medium,Maharashtra Chandrapur Wheat Rabi Canal total water footprint 2488.71 category Medium
Maharashtra,Chandrapur,Wheat,Rabi,Rainfed,1661.59,Medium,Maharashtra Chandrapur Wheat Rabi Rainfed total water footprint 1661.59 category Medium
Maharashtra,Chandrapur,Wheat,Rabi,Well,2703.48,High,Maharashtra Chandrapur Wheat Rabi Well total water footprint 2703.48 category High
Maharashtra,Chandrapur,Tur,Kharif,Drip,584.03,Low,Maharashtra Chandrapur Tur Kharif Drip total water footprint 584.03 category Low
Maharashtra,Chandrapur,Tur,Kharif,Canal,939.15,Low,Maharashtra Chandrapur Tur Kharif Canal total water footprint 939.15 category Low
Maharashtra,Chandrapur,Tur,Kharif,Rainfed,686.31,Low,Maharashtra Chandrapur Tur Kharif Rainfed total water footprint 686.31 category Low
Maharashtra,Chandrapur,Tur,Kharif,Well,1082.03,Medium,Maharashtra Chandrapur Tur Kharif Well total water footprint 1082.03 category Medium
Maharashtra,Chandrapur,Maize,Kharif,Drip,590.44,Low,Maharashtra Chandrapur Maize Kharif Drip total water footprint 590.44 category Low
Maharashtra,Chandrapur,Maize,Kharif,Canal,948.91,Low,Maharashtra Chandrapur Maize Kharif Canal total water footprint 948.91 category Low
Maharashtra,Chandrapur,Maize,Kharif,Rainfed,677.55,Low,Maharashtra Chandrapur Maize Kharif Rainfed total water footprint 677.55 category Low
Maharashtra,Chandrapur,Maize,Kharif,Well,1079.83,Medium,Maharashtra Chandrapur Maize Kharif Well total water footprint 1079.83 category Medium
Maharashtra,Chandrapur,Groundnut,Kharif,Drip,2217.81,Medium,Maharashtra Chandrapur Groundnut Kharif Drip total water footprint 2217.81 category Medium
Maharashtra,Chandrapur,Groundnut,Kharif,Canal,2861.49,High,Maharashtra Chandrapur Groundnut Kharif Canal total water footprint 2861.49 category High
Maharashtra,Chandrapur,Groundnut,Kharif,Rainfed,2497.79,Medium,Maharashtra Chandrapur Groundnut Kharif Rainfed total water footprint 2497.79 category Medium
Maharashtra,Chandrapur,Groundnut,Kharif,Well,3497.14,High,Maharashtra Chandrapur Groundnut Kharif Well total water footprint 3497.14 category High
Maharashtra,Chandrapur,Banana,Kharif,Drip,2437.37,Medium,Maharashtra Chandrapur Banana Kharif Drip total water footprint 2437.37 category Medium
Maharashtra,Chandrapur,Banana,Kharif,Canal,3759.11,High,Maharashtra Chandrapur Banana Kharif Canal total water footprint 3759.11 category High
Maharashtra,Chandrapur,Banana,Kharif,Rainfed,2866.94,High,Maharashtra Chandrapur Banana Kharif Rainfed total water footprint 2866.94 category High
Maharashtra,Chandrapur,Banana,Kharif,Well,3771.16,High,Maharashtra Chandrapur Banana Kharif Well total water footprint 3771.16 category High
Maharashtra,Chandrapur,Grapes,Annual,Drip,966.84,Low,Maharashtra Chandrapur Grapes Annual Drip total water footprint 966.84 category Low
Maharashtra,Chandrapur,Grapes,Annual,Canal,1504.06,Medium,Maharashtra Chandrapur Grapes Annual Canal total water footprint 1504.06 category Medium
Maharashtra,Chandrapur,Grapes,Annual,Rainfed,1212.88,Medium,Maharashtra Chandrapur Grapes Annual Rainfed total water footprint 1212.88 category Medium
Maharashtra,Chandrapur,Grapes,Annual,Well,1456.0,Medium,Maharashtra Chandrapur Grapes Annual Well total water footprint 1456.0 category Medium
Maharashtra,Chandrapur,Onions,Annual,Drip,563.02,Low,Maharashtra Chandrapur Onions Annual Drip total water footprint 563.02 category Low
Maharashtra,Chandrapur,Onions,Annual,Canal,871.68,Low,Maharashtra Chandrapur Onions Annual Canal total water footprint 871.68 category Low
Maharashtra,Chandrapur,Onions,Annual,Rainfed,599.58,Low,Maharashtra Chandrapur Onions Annual Rainfed total water footprint 599.58 category Low
Maharashtra,Chandrapur,Onions,Annual,Well,896.77,Low,Maharashtra Chandrapur Onions Annual Well total water footprint 896.77 category Low
